{"type":"FeatureCollection","features":[{"type":"Feature","geometry":{"type":"Polygon","coordinates":[[[31.2879,-22.4021],[30.9161,-22.2907],[30.4602,-22.329],[29.6631,-22.1463],[29.3648,-22.1939],[29.1068,-22.0657],[29.0373,-21.8113],[28.0456,-21.573],[27.6694,-21.0643],[27.6996,-20.5307],[27.2808,-20.4787],[27.2215,-20.1458],[26.6782,-19.8928],[26.1681,-19.5383],[25.7612,-18.6492],[25.224,-17.9152],[25.2588,-17.7936],[25.8633,-17.952],[26.3334,-17.9293],[26.7799,-18.0415],[27.0208,-17.9584],[27.9322,-16.8962],[28.7606,-16.5319],[28.9131,-15.9878],[29.2879,-15.7765],[29.7296,-15.6446],[30.3961,-15.6431],[30.4378,-15.9953],[31.2362,-16.0236],[31.6876,-16.2142],[31.9398,-16.4288],[32.2433,-16.4487],[32.948,-16.7123],[32.9931,-18.3596],[32.7165,-19.0019],[32.7776,-19.3888],[33.0067,-19.8738],[32.6726,-20.5161],[32.4776,-20.713],[32.3711,-21.3349],[31.2879,-22.4021]]]},"properties":{"ADMIN":"Zimbabwe","ISO_A2":"ZW","ADM0_A3":"ZWE"}},{"type":"Feature","geometry":{"type":"Polygon","coordinates":[[[30.3961,-15.6431],[29.7296,-15.6446],[29.2879,-15.7765],[28.9131,-15.9878],[28.7606,-16.5319],[27.9322,-16.8962],[27.0208,-17.9584],[26.7799,-18.0415],[26.3334,-17.9293],[25.8633,-17.952],[25.2588,-17.7936],[24.9324,-17.5435],[24.2749,-17.4811],[23.3807,-17.6406],[22.3051,-16.6896],[22.1507,-16.5972],[21.9798,-15.9556],[21.9795,-14.7614],[21.9789,-13.001],[23.8432,-13.001],[23.9913,-12.4222],[23.971,-11.6358],[24.0467,-11.4054],[23.9665,-10.8718],[24.3199,-11.0718],[24.5186,-11.4385],[25.1849,-11.243],[25.3494,-11.623],[26.026,-11.8901],[26.5964,-11.9721],[26.9496,-11.8988],[27.0461,-11.6159],[27.4236,-11.9445],[27.5334,-12.1953],[28.3577,-12.482],[29.0143,-13.3688],[29.5542,-13.2489],[29.7953,-13.3928],[29.7951,-12.1555],[29.4275,-12.4312],[29.0644,-12.3488],[28.4825,-11.8121],[28.3572,-11.483],[28.6389,-10.6692],[28.6301,-9.8312],[28.4007,-9.2248],[28.9178,-8.7006],[28.9723,-8.4649],[30.7512,-8.1937],[31.0764,-8.6119],[31.3506,-8.607],[31.9426,-9.054],[32.4332,-9.1563],[32.9199,-9.4074],[33.351,-9.8622],[33.6591,-10.5905],[33.2613,-10.8934],[33.3798,-11.1579],[33.2264,-11.5349],[33.2523,-12.1126],[33.3979,-12.4898],[33.0216,-12.6305],[32.9676,-13.225],[32.6721,-13.6104],[32.9921,-14.0222],[33.2018,-14.0134],[31.7289,-14.4961],[30.2318,-14.9903],[30.3961,-15.6431]]]},"properties":{"ADMIN":"Zambia","ISO_A2":"ZM","ADM0_A3":"ZMB"}},{"type":"Feature","geometry":{"type":"MultiPolygon","coordinates":[[[[53.0856,16.6484],[52.3277,16.2936],[52.174,15.9568],[52.2175,15.6555],[51.6037,15.3368],[50.5271,15.0382],[50.1669,14.851],[49.3499,14.6378],[49.048,14.4564],[48.6684,14.0501],[47.9899,14.0481],[47.4077,13.6616],[46.7889,13.4656],[45.6573,13.3387],[45.0387,12.8159],[44.6178,12.8172],[44.3585,12.6691],[43.9298,12.6165],[43.4753,12.839],[43.2319,13.2671],[43.2826,13.6398],[43.0891,14.011],[43.0211,14.5549],[42.7172,15.6546],[42.8396,16.032],[42.7993,16.3718],[43.165,16.6894],[43.1909,17.3594],[43.418,17.5163],[43.917,17.3247],[44.156,17.3985],[45.148,17.4274],[45.4065,17.3198],[46.3104,17.2313],[46.682,17.2686],[46.9757,16.9535],[47.4418,17.1119],[47.5796,17.4483],[48.1722,18.1569],[49.042,18.5818],[50.3553,18.7778],[51.9776,18.9961],[52.7292,17.3004],[53.0856,16.6484]]],[[[53.7632,12.6368],[54.1874,12.664],[54.1295,12.3606],[53.5983,12.3423],[53.7632,12.6368]]]]},"properties":{"ADMIN":"Yemen","ISO_A2":"YE","ADM0_A3":"YEM"}},{"type":"Feature","geometry":{"type":"Polygon","coordinates":[[[107.9727,21.508],[107.41,21.2848],[107.3543,21.0552],[106.6755,20.9605],[106.7534,20.7351],[106.518,20.2889],[105.9841,19.9391],[105.7911,19.2942],[105.6218,18.9663],[105.8883,18.5025],[106.499,17.9464],[106.4789,17.7196],[107.1804,16.8979],[108.0294,16.3311],[108.6742,15.4836],[108.8213,15.3779],[109.0849,14.7162],[109.3033,13.8564],[109.2719,13.2793],[109.4239,12.956],[109.2189,12.6458],[109.1986,11.7249],[108.8208,11.3154],[108.2717,10.9343],[107.2615,10.3984],[106.8127,10.4333],[106.7853,10.1165],[106.5725,9.6411],[105.501,9.0932],[105.3223,8.8011],[104.8919,8.5833],[104.8186,8.8019],[104.8452,9.6062],[105.0278,10.0674],[104.6635,10.1699],[104.4264,10.4112],[104.8506,10.5345],[105.3865,10.9401],[105.7551,10.99],[106.0988,10.7973],[106.168,11.0123],[105.8561,11.2943],[105.8515,11.635],[106.0061,11.758],[106.3398,11.6818],[106.4139,11.9484],[106.9307,12.0775],[107.159,12.2771],[107.5064,12.3646],[107.4754,13.0304],[107.6055,13.4378],[107.3314,14.1266],[107.5194,14.7051],[107.4804,14.9799],[107.6531,15.2552],[107.1896,15.7473],[107.3964,16.043],[106.6961,16.459],[106.5022,16.9541],[105.6914,17.7378],[105.4582,18.1543],[105.0858,18.4501],[105.1151,18.6789],[104.7165,18.8034],[103.8964,19.34],[104.032,19.6751],[104.5463,19.6105],[104.9279,20.0181],[104.6188,20.3745],[104.5832,20.6467],[104.0521,20.9412],[103.6351,20.6971],[103.1045,20.8916],[102.8512,21.2659],[102.9486,21.5698],[102.1274,22.3792],[102.5172,22.741],[103.0054,22.453],[103.3561,22.7547],[103.6202,22.782],[103.915,22.5382],[104.0539,22.7523],[104.3718,22.7041],[104.7957,22.9111],[104.8647,23.1364],[105.2754,23.3452],[105.843,22.9228],[106.1484,22.9701],[106.7803,22.7789],[106.5363,22.3954],[106.7295,22.0003],[107.3512,21.6089],[107.8021,21.6452],[107.9727,21.508]]]},"properties":{"ADMIN":"Vietnam","ISO_A2":"VN","ADM0_A3":"VNM"}},{"type":"Feature","geometry":{"type":"Polygon","coordinates":[[[-60.0175,8.5493],[-59.8316,8.306],[-60.0324,8.0536],[-60.5136,7.8132],[-60.7192,7.4987],[-60.395,6.9454],[-60.7179,6.7683],[-61.1456,6.6945],[-61.1287,6.2143],[-61.3768,5.907],[-60.7421,5.2021],[-60.6045,4.9946],[-61.0028,4.5353],[-61.2801,4.5169],[-61.5542,4.2878],[-62.1531,4.0984],[-62.4106,4.1567],[-62.7121,4.0179],[-62.7646,3.6729],[-62.9687,3.5939],[-63.2947,3.9223],[-64.0215,3.9291],[-64.2557,4.1403],[-64.5764,4.1399],[-64.5679,3.8998],[-64.2211,3.5874],[-64.2188,3.2047],[-63.9242,2.4524],[-63.3893,2.4119],[-63.3939,2.2225],[-64.0354,1.9044],[-64.1148,1.6193],[-64.7315,1.2533],[-65.1038,1.1081],[-65.3608,0.8687],[-65.6814,0.9834],[-66.0601,0.7854],[-66.4292,0.8217],[-66.876,1.223],[-67.2108,2.3901],[-67.8348,2.8928],[-67.3111,3.4159],[-67.6616,3.8643],[-67.8553,4.5069],[-67.8249,5.2705],[-67.4394,6.0255],[-67.5681,6.2418],[-67.8592,6.2899],[-68.4718,6.1565],[-69.4393,6.1349],[-70.095,6.9379],[-70.6551,7.0828],[-71.0133,6.9944],[-72.0843,7.0969],[-72.2077,7.3703],[-72.443,7.4549],[-72.4166,8.382],[-72.6654,8.6276],[-72.7964,9.109],[-73.0584,9.2596],[-73.3563,9.2269],[-73.0065,9.7892],[-72.8693,10.4913],[-72.6901,10.8358],[-72.2485,11.1964],[-71.9581,11.6664],[-71.3197,11.8619],[-71.8687,11.6273],[-71.947,11.4145],[-71.5943,10.6574],[-71.6648,10.4438],[-72.1128,9.8156],[-71.7607,9.3357],[-71.6867,9.0725],[-71.2979,9.1256],[-71.0858,9.3482],[-71.0527,9.7058],[-71.3866,10.2638],[-71.5446,10.7787],[-71.4695,10.9642],[-70.2325,11.373],[-70.2865,11.886],[-70.004,12.1779],[-69.8306,11.9956],[-69.6316,11.4799],[-69.2326,11.5185],[-68.828,11.4317],[-68.3986,11.161],[-68.2341,10.5691],[-67.8716,10.4721],[-66.9891,10.6106],[-66.2472,10.6322],[-65.8518,10.2578],[-65.1291,10.0701],[-64.8505,10.0981],[-63.8734,10.6638],[-63.4968,10.6433],[-62.7023,10.7498],[-62.843,10.4179],[-62.5151,10.1761],[-62.3204,9.7831],[-62.1196,9.9849],[-61.7659,9.8138],[-61.5123,9.8475],[-61.3094,9.6331],[-60.7925,9.3607],[-61.0531,9.0951],[-61.304,8.4104],[-60.801,8.5921],[-60.3402,8.6288],[-60.0175,8.5493]]]},"properties":{"ADMIN":"Venezuela","ISO_A2":"VE","ADM0_A3":"VEN"}},{"type":"Feature","geometry":{"type":"Polygon","coordinates":[[[12.4392,41.8984],[12.4306,41.8976],[12.4306,41.9055],[12.4384,41.9062],[12.4392,41.8984]]]},"properties":{"ADMIN":"Vatican","ISO_A2":"VA","ADM0_A3":"VAT"}},{"type":"Feature","geometry":{"type":"MultiPolygon","coordinates":[[[[166.7458,-14.8269],[166.8102,-15.1574],[167.1316,-15.1354],[167.1996,-15.4857],[166.8258,-15.6349],[166.6311,-15.4061],[166.5272,-14.8501],[166.7458,-14.8269]]],[[[167.4125,-16.0959],[167.8366,-16.4497],[167.4493,-16.555],[167.4125,-16.0959]]]]},"properties":{"ADMIN":"Vanuatu","ISO_A2":"VU","ADM0_A3":"VUT"}},{"type":"Feature","geometry":{"type":"Polygon","coordinates":[[[70.9468,42.2487],[70.8419,42.0196],[70.181,41.5714],[70.7824,41.2625],[71.4084,41.136],[71.7925,41.4131],[72.6204,40.8838],[73.1129,40.786],[72.3577,40.4017],[72.1313,40.4386],[71.6925,40.1523],[71.3047,40.2869],[70.958,40.2389],[70.6531,40.2012],[70.3826,40.4535],[70.751,40.7396],[70.4415,41.0234],[69.7129,40.657],[69.4139,40.7972],[69.2063,40.5666],[69.2283,40.1876],[68.6525,40.1827],[68.639,39.8389],[68.4633,39.5367],[67.719,39.6214],[67.3496,39.2421],[67.6766,39.0085],[68.1035,38.962],[68.0479,38.6693],[68.294,38.0329],[67.8144,37.487],[67.759,37.1722],[67.0688,37.3348],[66.5223,37.3485],[66.6293,37.932],[65.8571,38.2688],[65.6129,38.2386],[64.1628,38.9536],[62.6507,39.8585],[62.095,40.6833],[61.9535,41.0306],[61.497,41.2761],[61.3289,41.1951],[60.455,41.2216],[60.0896,41.3994],[60.1069,41.9074],[59.8583,42.2952],[59.4511,42.2995],[58.5891,42.7785],[58.2597,42.6881],[57.8143,42.1898],[57.3817,42.1563],[56.9641,41.8565],[57.018,41.2635],[55.9774,41.3222],[55.9768,42.6995],[55.9757,44.9949],[58.5553,45.5554],[61.0079,44.3938],[61.1607,44.1686],[61.9902,43.4921],[63.207,43.628],[64.4432,43.5512],[64.9055,43.7147],[65.4962,43.3105],[65.803,42.877],[66.1003,42.9908],[66.0096,42.0049],[66.4986,41.9949],[66.6687,41.2708],[66.8143,41.1424],[67.9357,41.1966],[68.0477,40.8093],[68.2919,40.6561],[68.9869,41.205],[69.0649,41.3669],[70.0956,41.8205],[70.416,42.0786],[70.9468,42.2487]]]},"properties":{"ADMIN":"Uzbekistan","ISO_A2":"UZ","ADM0_A3":"UZB"}},{"type":"Feature","geometry":{"type":"Polygon","coordinates":[[[-53.3706,-33.7422],[-53.7853,-34.3804],[-54.1686,-34.6707],[-54.9023,-34.9328],[-55.6731,-34.7757],[-56.1179,-34.9079],[-56.8552,-34.6767],[-57.1707,-34.4523],[-57.8291,-34.4773],[-58.4002,-33.9124],[-58.3534,-33.2601],[-58.0823,-32.8937],[-58.2012,-32.4717],[-58.189,-31.9242],[-57.8106,-30.8586],[-57.8725,-30.591],[-57.6089,-30.1878],[-57.2145,-30.2834],[-56.8327,-30.1072],[-56.1762,-30.6284],[-55.8737,-31.0696],[-55.5573,-30.876],[-55.2546,-31.2256],[-54.5876,-31.4852],[-54.2206,-31.8552],[-53.7617,-32.0568],[-53.6017,-32.403],[-53.1256,-32.7367],[-53.5313,-33.1709],[-53.5376,-33.6229],[-53.3706,-33.7422]]]},"properties":{"ADMIN":"Uruguay","ISO_A2":"UY","ADM0_A3":"URY"}},{"type":"Feature","geometry":{"type":"Polygon","coordinates":[[[158.3148,6.8137],[158.1834,6.8013],[158.1348,6.9448],[158.2946,6.9511],[158.3148,6.8137]]]},"properties":{"ADMIN":"Federated States of Micronesia","ISO_A2":"FM","ADM0_A3":"FSM"}},{"type":"Feature","geometry":{"type":"Polygon","coordinates":[[[171.102,7.1382],[171.227,7.087],[171.2023,7.0735],[171.0955,7.1093],[171.102,7.1382]]]},"properties":{"ADMIN":"Marshall Islands","ISO_A2":"MH","ADM0_A3":"MHL"}},{"type":"Feature","geometry":{"type":"Polygon","coordinates":[[[145.752,15.1332],[145.6843,15.1251],[145.7132,15.2153],[145.7823,15.1746],[145.752,15.1332]]]},"properties":{"ADMIN":"Northern Mariana Islands","ISO_A2":"MP","ADM0_A3":"MNP"}},{"type":"Feature","geometry":{"type":"Polygon","coordinates":[[[-64.7656,17.7943],[-64.6863,17.7061],[-64.8891,17.7017],[-64.8847,17.7723],[-64.7656,17.7943]]]},"properties":{"ADMIN":"United States Virgin Islands","ISO_A2":"VI","ADM0_A3":"VIR"}},{"type":"Feature","geometry":{"type":"Polygon","coordinates":[[[144.7418,13.2593],[144.6493,13.4287],[144.7903,13.5269],[144.7418,13.2593]]]},"properties":{"ADMIN":"Guam","ISO_A2":"GU","ADM0_A3":"GUM"}},{"type":"Feature","geometry":{"type":"Polygon","coordinates":[[[-170.7263,-14.3512],[-170.8205,-14.3121],[-170.6892,-14.2574],[-170.7263,-14.3512]]]},"properties":{"ADMIN":"American Samoa","ISO_A2":"AS","ADM0_A3":"ASM"}},{"type":"Feature","geometry":{"type":"Polygon","coordinates":[[[-66.1294,18.4449],[-65.6288,18.3814],[-65.9708,17.9744],[-67.1969,17.9942],[-67.1586,18.4992],[-66.1294,18.4449]]]},"properties":{"ADMIN":"Puerto Rico","ISO_A2":"PR","ADM0_A3":"PRI"}},{"type":"Feature","geometry":{"type":"MultiPolygon","coordinates":[[[[-171.463,63.64],[-170.4304,63.6988],[-170.0174,63.4917],[-168.8524,63.1712],[-169.7778,63.0938],[-171.463,63.64]]],[[[-166.1354,60.3835],[-165.7297,60.3142],[-165.5918,59.9131],[-166.1875,59.7738],[-167.1389,60.0085],[-166.4757,60.3828],[-166.1354,60.3835]]],[[[-152.898,57.8239],[-152.5116,57.8515],[-152.4122,57.4548],[-152.7813,57.4534],[-153.7932,56.9895],[-154.339,56.9209],[-154.706,57.3354],[-154.2814,57.6381],[-153.8184,57.5956],[-152.898,57.8239]]],[[[-130.0251,55.8882],[-130.1465,55.6545],[-130.0366,55.2979],[-130.2141,55.0259],[-130.5753,54.7697],[-131.0479,55.1577],[-130.856,55.3551],[-130.9186,55.736],[-131.2876,56.0121],[-131.8438,56.1601],[-132.8143,57.0407],[-133.4659,57.1722],[-133.5542,57.6951],[-134.0633,58.2111],[-134.7761,58.4539],[-135.3025,58.2559],[-135.8617,58.5771],[-136.5826,58.2452],[-137.544,58.5812],[-138.3525,59.0873],[-140.2167,59.7267],[-140.8432,59.7489],[-141.6702,59.9699],[-142.9457,60.097],[-143.8051,60.0129],[-144.9013,60.3352],[-145.8989,60.4782],[-146.874,61.0049],[-148.3444,60.8536],[-148.1976,60.1678],[-148.4307,59.9891],[-149.4322,60.001],[-150.198,59.5666],[-150.5815,59.5646],[-150.9607,59.244],[-151.7382,59.1885],[-151.85,59.4063],[-151.7345,59.9883],[-151.4515,60.2026],[-151.3218,60.7429],[-150.4413,61.0236],[-150.6123,61.3011],[-151.734,60.9107],[-151.7505,60.7549],[-153.1061,59.875],[-154.0883,59.3633],[-154.1298,59.1199],[-153.3344,58.8579],[-154.0199,58.493],[-154.247,58.1594],[-155.0069,58.0161],[-156.4784,57.3279],[-156.4751,57.1052],[-157.5784,56.6345],[-158.4144,56.4358],[-158.2756,56.1962],[-159.5232,55.81],[-159.9623,55.7949],[-160.4627,55.5578],[-161.0995,55.4057],[-161.7416,55.3912],[-162.074,55.1393],[-162.865,54.9545],[-162.962,55.1838],[-162.1571,55.7194],[-161.2156,56.0214],[-160.8513,55.7719],[-160.3021,56.3141],[-159.2831,56.6886],[-158.3209,57.2979],[-157.6076,57.6015],[-157.5236,58.4213],[-156.9747,58.7363],[-157.142,58.8776],[-158.0219,58.6402],[-158.5032,58.8503],[-159.0827,58.4698],[-159.6703,58.9111],[-160.3631,59.0512],[-161.3613,58.6695],[-161.7555,58.612],[-161.7945,59.1095],[-162.0233,59.284],[-161.8287,59.5886],[-162.2425,60.1783],[-163.2194,59.8456],[-163.9069,59.8068],[-164.6623,60.3038],[-165.3538,60.5412],[-164.8052,60.892],[-165.5659,61.1023],[-166.0788,61.8031],[-165.1945,62.4735],[-164.409,63.215],[-163.3588,63.0458],[-161.974,63.4529],[-161.0997,63.5579],[-160.7786,63.8189],[-160.9319,64.5791],[-161.1869,64.924],[-161.7594,64.8163],[-162.807,64.3742],[-163.7131,64.5882],[-164.8995,64.4606],[-166.1428,64.5828],[-166.827,65.0961],[-166.6654,65.3383],[-167.404,65.4221],[-168.0884,65.6578],[-167.0742,65.8771],[-166.7477,66.0519],[-164.6741,66.555],[-163.7755,66.5311],[-164.0337,66.2155],[-163.6954,66.0838],[-161.8163,66.0537],[-161.5568,66.2505],[-160.2317,66.4203],[-160.864,66.6709],[-161.8567,66.7003],[-161.9654,67.0496],[-163.0017,67.0273],[-163.7206,67.1956],[-164.1252,67.6067],[-166.3805,68.4251],[-166.2091,68.8854],[-164.3023,68.9365],[-163.1615,69.3879],[-162.9521,69.7581],[-161.881,70.3317],[-160.9963,70.3046],[-159.3145,70.8785],[-157.9985,70.8453],[-156.7833,71.3189],[-155.1668,71.0992],[-154.1952,70.8011],[-153.2329,70.9326],[-152.2329,70.8104],[-151.9447,70.4521],[-151.2248,70.4188],[-149.2694,70.5008],[-147.7054,70.2172],[-145.8231,70.1601],[-145.1974,70.0087],[-143.2183,70.1163],[-141.4079,69.6534],[-141.0021,69.6508],[-141.0021,68.1897],[-141.0021,65.8521],[-141.0021,63.2223],[-141.0021,61.469],[-141.0021,60.3002],[-139.1852,60.0836],[-137.5933,59.2263],[-137.4386,58.9031],[-136.5788,59.1522],[-136.3218,59.6048],[-135.4759,59.7933],[-135.051,59.5787],[-134.9437,59.2883],[-133.8208,58.705],[-131.8662,56.7928],[-131.5751,56.5988],[-130.7417,56.3408],[-130.0251,55.8882]]],[[[-163.476,54.9807],[-163.3581,54.7357],[-164.0733,54.621],[-164.4635,54.4273],[-164.8876,54.6078],[-164.5298,54.8809],[-163.868,55.0391],[-163.476,54.9807]]],[[[-130.9791,55.4892],[-131.0828,55.2668],[-131.811,55.2231],[-131.625,55.8317],[-131.2692,55.9554],[-130.9791,55.4892]]],[[[-133.3662,57.0035],[-132.9541,56.8803],[-133.2126,56.4646],[-133.6028,56.4641],[-133.866,57.0687],[-133.3662,57.0035]]],[[[-134.9698,57.3514],[-134.6207,56.7183],[-135.3306,56.8219],[-135.1996,57.0273],[-135.7871,57.3173],[-135.3463,57.5331],[-134.9698,57.3514]]],[[[-134.6803,58.1617],[-133.937,57.5816],[-133.9253,57.3368],[-134.4353,57.057],[-134.6599,57.6381],[-134.6803,58.1617]]],[[[-135.7304,58.2442],[-135.0021,58.0511],[-135.0849,57.511],[-136.0766,57.6746],[-136.5123,58.096],[-135.7304,58.2442]]],[[[-133.5661,56.3392],[-133.203,56.3198],[-132.4302,55.687],[-132.4179,55.4829],[-131.9764,55.2086],[-131.9809,54.8048],[-132.7823,55.0485],[-133.447,55.797],[-133.2415,55.9208],[-133.5661,56.3392]]],[[[-152.4169,58.3602],[-152.1091,58.1611],[-152.9826,57.9971],[-153.3813,58.0872],[-152.6747,58.4506],[-152.4169,58.3602]]],[[[-166.6153,53.9009],[-166.4442,53.6518],[-167.1361,53.5265],[-166.9781,53.9629],[-166.6153,53.9009]]],[[[-155.5813,19.012],[-155.8813,19.0705],[-156.0487,19.75],[-155.8203,20.0142],[-155.8316,20.2758],[-155.1988,19.9944],[-154.8042,19.5245],[-155.3096,19.2602],[-155.5813,19.012]]],[[[-156.4868,20.9326],[-156.2775,20.9513],[-156.1071,20.6448],[-156.4382,20.6179],[-156.4868,20.9326]]],[[[-157.7994,21.4566],[-158.1104,21.3186],[-158.2731,21.5853],[-157.9625,21.7014],[-157.7994,21.4566]]],[[[-74.7089,45.0039],[-71.5175,45.0076],[-71.3273,45.2901],[-70.898,45.2625],[-70.2962,45.9061],[-70.0077,46.7089],[-69.2429,47.463],[-68.8287,47.2033],[-68.3109,47.3545],[-67.8068,47.0828],[-67.7847,45.7017],[-67.4327,45.6031],[-67.4726,45.2759],[-67.1249,45.1694],[-67.1067,44.8851],[-67.907,44.4536],[-68.2774,44.5074],[-68.612,44.3105],[-68.9615,44.4338],[-69.0684,44.0976],[-69.7916,43.8052],[-70.1788,43.7664],[-70.8291,42.8253],[-70.7357,42.6693],[-71.0462,42.3311],[-70.7383,42.2289],[-70.4047,41.6269],[-70.6571,41.5342],[-71.4266,41.6333],[-71.5229,41.379],[-72.8472,41.2659],[-73.583,41.0219],[-74.2267,40.608],[-73.9576,40.3284],[-74.1761,39.7266],[-74.4288,39.3872],[-74.897,39.1455],[-75.3922,39.0928],[-75.0359,38.5033],[-75.5964,37.6312],[-75.6593,37.954],[-76.2117,38.3613],[-76.1682,38.8527],[-76.5195,38.8983],[-76.5013,38.5322],[-76.2643,37.8936],[-76.2635,37.357],[-76.4011,37.2127],[-75.9994,36.9126],[-75.8904,36.657],[-76.1479,36.2793],[-76.4788,36.0282],[-75.7722,35.8999],[-75.7739,35.647],[-76.1738,35.3541],[-76.5129,35.2704],[-76.745,34.941],[-76.7332,34.707],[-77.1339,34.7079],[-77.7507,34.285],[-78.0133,33.9118],[-78.5777,33.8732],[-78.9203,33.6587],[-79.276,33.1354],[-80.0218,32.6199],[-80.2297,32.5765],[-80.8492,32.1139],[-81.1979,31.7042],[-81.1754,31.5313],[-81.5204,30.8747],[-81.2495,29.7938],[-80.9,29.0499],[-80.5241,28.4861],[-80.6501,28.1809],[-80.2261,27.207],[-80.0413,26.5686],[-80.1264,25.8335],[-80.3669,25.3313],[-80.7365,25.1563],[-81.0977,25.3191],[-81.3649,25.8311],[-81.7155,25.9832],[-81.8666,26.435],[-82.4414,27.0597],[-82.6609,27.7184],[-82.8435,27.846],[-82.6606,28.4858],[-82.6515,28.8875],[-83.2905,29.4519],[-83.6944,29.926],[-84.0442,30.1038],[-84.3828,29.9074],[-85.3189,29.6802],[-85.3536,29.8757],[-86.2574,30.493],[-87.7903,30.2918],[-88.9052,30.4151],[-89.3206,30.3453],[-89.5885,30.166],[-90.2253,30.3793],[-90.413,30.1403],[-89.5895,29.915],[-89.7209,29.6193],[-90.1014,29.1818],[-90.3792,29.2951],[-90.751,29.1309],[-91.2901,29.289],[-91.331,29.5136],[-91.8932,29.836],[-92.2608,29.5568],[-92.6713,29.5971],[-93.1757,29.779],[-93.6948,29.7699],[-94.8883,29.3706],[-95.2735,28.9639],[-95.8534,28.6403],[-96.4487,28.5945],[-96.5617,28.3671],[-97.1565,28.1443],[-97.1714,27.8796],[-97.5547,26.9673],[-97.4023,26.3965],[-97.1462,25.9615],[-97.3582,25.8705],[-98.0828,26.0645],[-99.1078,26.4469],[-99.4436,27.0367],[-99.5053,27.5483],[-99.7542,27.7299],[-100.296,28.3277],[-100.6586,29.0686],[-101.4404,29.7769],[-102.2689,29.8712],[-102.7342,29.6439],[-102.892,29.2164],[-103.2577,29.0011],[-103.9897,29.3231],[-104.4006,29.5737],[-104.6813,29.9905],[-104.9179,30.5834],[-106.2557,31.5447],[-106.4532,31.7702],[-108.2118,31.7793],[-108.2145,31.3294],[-111.042,31.3242],[-112.939,31.9163],[-114.8359,32.5083],[-114.7248,32.7153],[-117.1283,32.5334],[-117.4674,33.2955],[-118.0805,33.7222],[-118.4104,33.7439],[-118.5062,34.0174],[-119.1437,34.112],[-119.6061,34.418],[-120.4812,34.4716],[-120.6447,34.58],[-120.6336,35.0765],[-120.8603,35.3654],[-121.8774,36.3311],[-121.79,36.7323],[-122.3949,37.2075],[-122.4669,37.8382],[-122.9682,38.097],[-122.9865,38.2771],[-123.7011,38.9073],[-123.8845,39.8608],[-124.324,40.252],[-124.3717,40.4912],[-124.1331,40.9698],[-124.0685,41.3842],[-124.3553,42.1229],[-124.5396,42.8129],[-124.1487,43.6917],[-124.0592,44.7777],[-123.9293,45.577],[-124.0717,46.7448],[-124.376,47.6586],[-124.6211,47.9042],[-124.6326,48.375],[-123.9758,48.1685],[-122.8609,48.09],[-122.6566,47.8812],[-122.242,48.0107],[-122.7888,48.993],[-119.7017,48.993],[-117.1434,48.9931],[-115.4379,48.9931],[-112.8796,48.9931],[-111.1741,48.9931],[-109.0421,48.9931],[-106.9103,48.9931],[-105.2047,48.9931],[-103.0728,48.9931],[-101.3673,48.9931],[-97.9562,48.9932],[-95.1621,48.9917],[-94.8543,49.3046],[-94.6209,48.7426],[-93.7077,48.5254],[-93.0517,48.6199],[-91.5183,48.0583],[-90.8403,48.2005],[-89.4557,47.9962],[-88.3782,48.3031],[-87.208,47.8485],[-84.876,46.8999],[-84.5618,46.4574],[-84.1922,46.5496],[-83.9778,46.0849],[-83.616,46.1168],[-83.5927,45.8171],[-82.5511,45.3474],[-82.1378,43.5709],[-82.5453,42.6247],[-83.0731,42.3003],[-83.1419,41.9759],[-82.69,41.6752],[-82.4391,41.6749],[-81.2776,42.2092],[-80.2476,42.366],[-79.0367,42.8023],[-79.1719,43.4666],[-78.7204,43.625],[-76.82,43.6288],[-76.4646,44.0576],[-75.1794,44.8994],[-74.7089,45.0039]]],[[[-72.5098,40.986],[-73.1943,40.6542],[-73.7667,40.5927],[-73.5738,40.9196],[-72.5098,40.986]]]]},"properties":{"ADMIN":"United States of America","ISO_A2":"US","ADM0_A3":"USA"}},{"type":"Feature","geometry":{"type":"Polygon","coordinates":[[[-37.1033,-54.0656],[-36.3265,-54.2512],[-35.7986,-54.7635],[-36.0855,-54.8668],[-37.1033,-54.0656]]]},"properties":{"ADMIN":"South Georgia and the Islands","ISO_A2":"GS","ADM0_A3":"SGS"}},{"type":"Feature","geometry":{"type":"Polygon","coordinates":[[[72.492,-7.3774],[72.4672,-7.3676],[72.4737,-7.3097],[72.4456,-7.2204],[72.4936,-7.2617],[72.492,-7.3774]]]},"properties":{"ADMIN":"British Indian Ocean Territory","ISO_A2":"IO","ADM0_A3":"IOT"}},{"type":"Feature","geometry":{"type":"Polygon","coordinates":[[[-5.6921,-15.9978],[-5.775,-15.9567],[-5.7079,-15.9062],[-5.6921,-15.9978]]]},"properties":{"ADMIN":"Saint Helena","ISO_A2":"SH","ADM0_A3":"SHN"}},{"type":"Feature","geometry":{"type":"Polygon","coordinates":[[[-128.2901,-24.3974],[-128.3207,-24.3997],[-128.3502,-24.3402],[-128.3036,-24.3336],[-128.2901,-24.3974]]]},"properties":{"ADMIN":"Pitcairn Islands","ISO_A2":"PN","ADM0_A3":"PCN"}},{"type":"Feature","geometry":{"type":"Polygon","coordinates":[[[-63.0012,18.2218],[-63.1533,18.2003],[-63.026,18.2697],[-63.0012,18.2218]]]},"properties":{"ADMIN":"Anguilla","ISO_A2":"AI","ADM0_A3":"AIA"}},{"type":"Feature","geometry":{"type":"MultiPolygon","coordinates":[[[[-58.8502,-51.2699],[-58.4737,-51.5091],[-57.9765,-51.3844],[-57.8382,-51.7092],[-58.6835,-51.9362],[-59.068,-52.173],[-59.5708,-51.9254],[-59.0595,-51.6854],[-58.8502,-51.2699]]],[[[-60.2862,-51.4619],[-59.2681,-51.4275],[-59.9214,-51.9695],[-60.6864,-52.1884],[-60.9614,-52.0573],[-60.2385,-51.772],[-60.2862,-51.4619]]]]},"properties":{"ADMIN":"Falkland Islands","ISO_A2":"FK","ADM0_A3":"FLK"}},{"type":"Feature","geometry":{"type":"Polygon","coordinates":[[[-81.3695,19.3489],[-81.2848,19.3625],[-81.1305,19.3468],[-81.3037,19.2719],[-81.3695,19.3489]]]},"properties":{"ADMIN":"Cayman Islands","ISO_A2":"KY","ADM0_A3":"CYM"}},{"type":"Feature","geometry":{"type":"Polygon","coordinates":[[[-64.7303,32.2935],[-64.8201,32.2596],[-64.6946,32.3869],[-64.7303,32.2935]]]},"properties":{"ADMIN":"Bermuda","ISO_A2":"BM","ADM0_A3":"BMU"}},{"type":"Feature","geometry":{"type":"Polygon","coordinates":[[[-64.3952,18.4646],[-64.4261,18.5131],[-64.3247,18.5175],[-64.3952,18.4646]]]},"properties":{"ADMIN":"British Virgin Islands","ISO_A2":"VG","ADM0_A3":"VGB"}},{"type":"Feature","geometry":{"type":"Polygon","coordinates":[[[-71.6614,21.7652],[-71.8304,21.7906],[-71.8062,21.8521],[-71.6684,21.8334],[-71.6614,21.7652]]]},"properties":{"ADMIN":"Turks and Caicos Islands","ISO_A2":"TC","ADM0_A3":"TCA"}},{"type":"Feature","geometry":{"type":"Polygon","coordinates":[[[-62.1484,16.7403],[-62.1542,16.6812],[-62.2216,16.6995],[-62.223,16.7516],[-62.1484,16.7403]]]},"properties":{"ADMIN":"Montserrat","ISO_A2":"MS","ADM0_A3":"MSR"}},{"type":"Feature","geometry":{"type":"Polygon","coordinates":[[[-2.0187,49.2313],[-2.2358,49.1764],[-2.2205,49.2664],[-2.0187,49.2313]]]},"properties":{"ADMIN":"Jersey","ISO_A2":"JE","ADM0_A3":"JEY"}},{"type":"Feature","geometry":{"type":"Polygon","coordinates":[[[-2.5123,49.4945],[-2.5474,49.4287],[-2.6461,49.4682],[-2.5123,49.4945]]]},"properties":{"ADMIN":"Guernsey","ISO_A2":"GG","ADM0_A3":"GGY"}},{"type":"Feature","geometry":{"type":"Polygon","coordinates":[[[-4.4121,54.1854],[-4.7456,54.1188],[-4.5086,54.3767],[-4.4121,54.1854]]]},"properties":{"ADMIN":"Isle of Man","ISO_A2":"IM","ADM0_A3":"IMN"}},{"type":"Feature","geometry":{"type":"MultiPolygon","coordinates":[[[[-2.6677,51.623],[-3.2931,51.3904],[-4.3863,51.7411],[-4.9023,51.6263],[-5.0881,51.9959],[-4.3832,52.1973],[-3.9803,52.5417],[-4.111,53.2189],[-3.0647,53.4269],[-2.9251,53.7328],[-3.166,54.1279],[-3.5694,54.4676],[-3.4341,54.9638],[-3.9579,54.781],[-5.1355,54.8575],[-4.7211,55.421],[-5.2456,55.9292],[-5.6096,56.0553],[-5.3919,56.5148],[-5.9368,56.6057],[-5.5619,57.2327],[-5.8181,57.4361],[-5.3383,58.2387],[-4.7154,58.51],[-3.0531,58.6348],[-3.2124,58.3212],[-3.99,57.959],[-3.8682,57.6003],[-3.4028,57.7083],[-2.0741,57.7024],[-1.7779,57.4938],[-2.6527,56.3183],[-3.1782,56.0801],[-2.1471,55.903],[-1.6554,55.5704],[-1.2917,54.7739],[-0.6714,54.5039],[-0.2056,54.0217],[0.5588,52.9669],[1.0556,52.959],[1.6567,52.7537],[1.7466,52.469],[1.559,52.0869],[0.9551,51.8078],[0.6865,51.3866],[1.4149,51.3633],[0.9602,50.9259],[0.2051,50.763],[-1.5167,50.7475],[-2.5478,50.6163],[-2.9994,50.7166],[-3.4046,50.6324],[-3.7934,50.2292],[-4.1726,50.3908],[-5.3423,50.2461],[-4.5829,50.7764],[-4.1882,51.1885],[-3.136,51.205],[-2.6677,51.623]]],[[[-6.1987,58.3633],[-6.4252,58.0213],[-6.8642,57.9329],[-7.0853,58.1822],[-6.1987,58.3633]]],[[[-6.218,54.0887],[-6.6498,54.0586],[-6.9361,54.3743],[-7.3552,54.1212],[-8.1183,54.4143],[-7.2187,55.092],[-6.1291,55.2174],[-5.4704,54.5002],[-5.6068,54.2726],[-6.218,54.0887]]]]},"properties":{"ADMIN":"United Kingdom","ISO_A2":"GB","ADM0_A3":"GBR"}},{"type":"Feature","geometry":{"type":"Polygon","coordinates":[[[56.2979,25.6507],[56.388,24.9792],[56.0639,24.7388],[55.7957,24.8681],[55.7608,24.2427],[55.1999,23.0348],[55.1858,22.7041],[55.1043,22.6215],[52.5551,22.9328],[51.5926,24.0789],[51.5684,24.2862],[51.9061,23.9854],[52.2509,23.9952],[52.6482,24.1546],[53.8934,24.0771],[54.3971,24.2782],[54.7468,24.8104],[55.0981,25.0416],[55.5229,25.4981],[55.9412,25.794],[56.0805,26.0626],[56.2979,25.6507]]]},"properties":{"ADMIN":"United Arab Emirates","ISO_A2":"AE","ADM0_A3":"ARE"}},{"type":"Feature","geometry":{"type":"Polygon","coordinates":[[[38.2144,47.0915],[37.5434,47.0746],[37.3398,46.9169],[36.2795,46.6586],[35.8271,46.6243],[34.8496,46.1899],[35.0017,45.7334],[34.6869,45.977],[33.66,46.2196],[33.5941,46.0962],[33.2022,46.1757],[32.4768,46.0837],[32.0357,46.261],[31.9743,46.7088],[30.7963,46.552],[30.5115,46.1054],[30.219,45.8667],[29.6017,45.6825],[29.7059,45.2599],[29.2235,45.4029],[28.7607,45.2341],[28.2125,45.4504],[28.9478,46.05],[28.9274,46.4241],[29.1463,46.5269],[29.8379,46.3505],[29.8778,46.8289],[29.572,46.964],[29.5493,47.2468],[29.1598,47.4557],[29.1948,47.8824],[28.7738,48.1196],[28.327,48.1614],[27.5492,48.4777],[26.8471,48.3872],[26.6189,48.2599],[26.1627,47.9925],[25.4643,47.9108],[24.8934,47.7178],[24.5789,47.9311],[24.1777,47.9061],[23.2026,48.0845],[22.8767,47.9473],[22.1318,48.4053],[22.5387,49.0727],[22.6494,49.539],[23.7117,50.3773],[23.9727,50.4101],[24.1058,50.845],[23.6053,51.5179],[24.3619,51.8675],[25.9253,51.9135],[27.142,51.7521],[27.2701,51.6136],[28.599,51.5426],[29.1356,51.6173],[29.3465,51.3826],[30.533,51.5963],[30.9807,52.0462],[31.7634,52.1011],[32.2828,52.114],[32.5079,52.3085],[33.7353,52.3448],[34.3979,51.7804],[34.1211,51.6792],[34.2807,51.3117],[35.3119,51.0439],[35.4116,50.5397],[36.6194,50.2092],[37.4229,50.4115],[38.0469,49.92],[38.2586,50.0523],[38.9184,49.8247],[39.1748,49.856],[39.7806,49.572],[40.07,49.2003],[39.6865,49.0079],[39.961,48.2379],[39.7359,47.8448],[38.9003,47.8551],[38.2874,47.5592],[38.2144,47.0915]]]},"properties":{"ADMIN":"Ukraine","ISO_A2":"UA","ADM0_A3":"UKR"}},{"type":"Feature","geometry":{"type":"Polygon","coordinates":[[[33.9032,-1.0021],[32.5497,-1.0021],[30.742,-1.0075],[30.51,-1.0673],[30.1016,-1.3687],[29.577,-1.3879],[29.5619,-0.9773],[29.7177,0.0983],[29.9345,0.499],[29.9429,0.8192],[30.1829,0.9735],[30.9426,1.6828],[31.2527,2.0446],[31.1764,2.2701],[30.7286,2.4554],[30.8467,2.847],[30.754,3.0418],[30.8386,3.4907],[31.1523,3.7856],[31.48,3.6805],[31.798,3.8026],[32.0994,3.5292],[32.3357,3.7062],[32.8381,3.7985],[33.4894,3.7551],[33.9761,4.2202],[34.165,3.813],[34.3929,3.6915],[34.4479,3.1635],[34.7425,2.8181],[34.9641,2.0624],[34.9652,1.6434],[34.7876,1.2307],[34.4817,1.0421],[34.1609,0.6052],[33.9432,0.1738],[33.9032,-1.0021]]]},"properties":{"ADMIN":"Uganda","ISO_A2":"UG","ADM0_A3":"UGA"}},{"type":"Feature","geometry":{"type":"Polygon","coordinates":[[[55.9774,41.3222],[57.018,41.2635],[56.9641,41.8565],[57.3817,42.1563],[57.8143,42.1898],[58.2597,42.6881],[58.5891,42.7785],[59.4511,42.2995],[59.8583,42.2952],[60.1069,41.9074],[60.0896,41.3994],[60.455,41.2216],[61.3289,41.1951],[61.497,41.2761],[61.9535,41.0306],[62.095,40.6833],[62.6507,39.8585],[64.1628,38.9536],[65.6129,38.2386],[65.8571,38.2688],[66.6293,37.932],[66.5223,37.3485],[65.765,37.5691],[65.555,37.2512],[64.8163,37.1321],[64.511,36.3407],[63.8625,36.0124],[63.1086,35.8187],[63.0566,35.4458],[62.6105,35.2332],[62.2528,35.2502],[61.9839,35.4437],[61.5428,35.4579],[61.262,35.6196],[61.1196,36.6426],[60.3413,36.6376],[60.0628,36.9629],[59.5622,37.1789],[59.2408,37.5208],[58.8154,37.6835],[58.4357,37.6385],[57.4238,37.9477],[57.1936,38.2164],[56.4406,38.2494],[56.2288,38.0734],[55.5784,38.0998],[55.0756,37.9025],[54.7452,37.5019],[53.9142,37.3436],[53.8235,37.9279],[53.8687,38.9493],[53.6176,39.216],[53.1248,39.4321],[53.4723,39.6688],[53.4042,39.9604],[52.9875,39.9876],[52.7337,40.3987],[52.9435,41.0381],[53.1452,40.825],[53.6152,40.8185],[53.87,40.6487],[54.7101,40.8911],[54.5922,41.1936],[54.0948,41.5194],[53.8465,42.0912],[53.1642,42.0938],[52.97,41.9762],[52.8302,41.3419],[52.4938,41.7804],[53.2501,42.2059],[54.121,42.3352],[54.9037,41.9191],[55.2496,41.4581],[55.5452,41.2627],[55.9774,41.3222]]]},"properties":{"ADMIN":"Turkmenistan","ISO_A2":"TM","ADM0_A3":"TKM"}},{"type":"Feature","geometry":{"type":"MultiPolygon","coordinates":[[[[41.5101,41.5175],[42.4664,41.4398],[42.7879,41.5637],[43.4395,41.1071],[43.7227,40.7195],[43.5693,40.4824],[43.7917,40.0703],[44.2893,40.0404],[44.7683,39.7035],[44.8172,39.6504],[44.3894,39.4221],[44.0232,39.3774],[44.4309,38.3568],[44.2113,37.9081],[44.5612,37.7446],[44.574,37.4354],[44.7651,37.1424],[44.2818,36.978],[44.2084,37.2026],[43.5158,37.2445],[42.7746,37.3719],[42.359,37.1086],[42.2686,37.2766],[41.5155,37.0892],[40.7057,37.0977],[40.0164,36.8261],[39.3566,36.6816],[38.7666,36.6931],[38.1917,36.9016],[37.4363,36.6433],[36.6586,36.8025],[36.5375,36.4574],[36.1273,35.8314],[35.8927,35.9166],[35.8109,36.3099],[36.1885,36.659],[36.0489,36.9106],[35.5374,36.597],[34.6014,36.7845],[34.0234,36.3408],[33.6947,36.182],[32.7948,36.0359],[32.3777,36.1836],[32.022,36.5353],[31.3525,36.8011],[30.644,36.8657],[30.4836,36.3104],[29.6891,36.1567],[29.1433,36.3972],[29.0383,36.6935],[28.4836,36.8038],[28.1337,37.0295],[27.3489,37.0196],[27.5201,37.2491],[27.2192,37.3892],[27.0778,37.6877],[27.2324,37.9787],[26.6828,38.1983],[26.8614,38.3729],[26.7637,38.7096],[27.0137,38.8869],[26.6818,39.2922],[26.8271,39.5629],[26.1131,39.4674],[26.1813,39.9901],[26.7381,40.4002],[27.2846,40.4556],[27.4756,40.3199],[28.2891,40.403],[28.7879,40.534],[29.3647,40.8093],[29.0455,41.0076],[29.3223,41.2277],[29.9193,41.1508],[30.3449,41.1969],[30.8101,41.0849],[31.2549,41.1076],[31.458,41.32],[32.3064,41.7296],[33.3813,42.0176],[34.7505,41.9568],[35.0064,42.0633],[35.2978,41.7285],[36.0518,41.6826],[36.1792,41.4266],[36.5097,41.2625],[36.7777,41.3635],[37.0662,41.1844],[38.3811,40.9245],[39.4264,41.1064],[40.2652,40.9613],[40.9595,41.2116],[41.5101,41.5175]]],[[[28.0145,41.969],[28.3464,41.4664],[29.0572,41.2297],[28.7804,40.9742],[28.1722,41.0807],[27.4994,40.9731],[27.258,40.6874],[26.1055,40.6113],[26.039,40.7268],[26.3311,40.9545],[26.3307,41.2388],[26.6249,41.4018],[26.3209,41.7166],[26.6153,41.9649],[27.2949,42.0795],[27.5349,41.9208],[28.0145,41.969]]]]},"properties":{"ADMIN":"Turkey","ISO_A2":"TR","ADM0_A3":"TUR"}},{"type":"Feature","geometry":{"type":"Polygon","coordinates":[[[11.5046,33.1819],[11.505,32.4137],[10.8264,32.0807],[10.1149,31.4638],[10.2164,30.7832],[9.895,30.3873],[9.5188,30.2294],[9.044,32.0724],[8.3334,32.5436],[8.2109,32.9267],[7.7627,33.2331],[7.5002,33.8325],[7.5139,34.0805],[8.2456,34.7341],[8.3942,35.2039],[8.2457,35.8706],[8.3487,36.368],[8.2308,36.5453],[8.5766,36.9372],[9.142,37.1946],[9.688,37.3404],[10.1964,37.2059],[10.5713,36.8794],[11.0539,37.0725],[11.1267,36.8741],[10.5257,36.3233],[10.5908,35.8873],[11.0043,35.6338],[11.1201,35.2403],[10.5349,34.5447],[10.2004,34.346],[10.049,34.0563],[10.159,33.85],[10.7228,33.5144],[11.0846,33.5629],[11.2026,33.2492],[11.5046,33.1819]]]},"properties":{"ADMIN":"Tunisia","ISO_A2":"TN","ADM0_A3":"TUN"}},{"type":"Feature","geometry":{"type":"Polygon","coordinates":[[[-61.0121,10.1343],[-61.5967,10.0646],[-61.4647,10.539],[-61.0337,10.6699],[-61.0121,10.1343]]]},"properties":{"ADMIN":"Trinidad and Tobago","ISO_A2":"TT","ADM0_A3":"TTO"}},{"type":"Feature","geometry":{"type":"Polygon","coordinates":[[[-175.1619,-21.1693],[-175.1566,-21.2637],[-175.3354,-21.1577],[-175.2254,-21.1187],[-175.1619,-21.1693]]]},"properties":{"ADMIN":"Tonga","ISO_A2":"TO","ADM0_A3":"TON"}},{"type":"Feature","geometry":{"type":"Polygon","coordinates":[[[0.9005,10.9933],[0.78,10.3596],[1.3301,9.997],[1.4243,9.285],[1.6002,9.05],[1.6247,6.9973],[1.5775,6.6874],[1.7779,6.2946],[1.6227,6.2168],[1.1872,6.0894],[0.7369,6.4526],[0.5256,6.8509],[0.6348,7.3537],[0.5836,8.1458],[0.6881,8.3042],[0.4153,8.6527],[0.529,9.3583],[0.2619,9.4956],[0.3627,10.2365],[-0.0577,10.6306],[-0.0686,11.1156],[0.4842,10.992],[0.9005,10.9933]]]},"properties":{"ADMIN":"Togo","ISO_A2":"TG","ADM0_A3":"TGO"}},{"type":"Feature","geometry":{"type":"MultiPolygon","coordinates":[[[[125.0682,-9.5119],[124.9223,-8.9425],[125.178,-8.6479],[125.8043,-8.4922],[126.6197,-8.4595],[126.9664,-8.3157],[127.2961,-8.4245],[126.9152,-8.7152],[126.3825,-8.9576],[125.408,-9.2758],[125.0682,-9.5119]]],[[[124.0363,-9.3416],[124.4444,-9.1903],[124.2823,-9.4279],[124.0363,-9.3416]]]]},"properties":{"ADMIN":"East Timor","ISO_A2":"TL","ADM0_A3":"TLS"}},{"type":"Feature","geometry":{"type":"Polygon","coordinates":[[[100.1225,20.3167],[100.318,20.3859],[100.5431,20.0887],[100.3977,19.7561],[100.6255,19.4999],[101.1547,19.5792],[101.2863,18.9771],[101.0506,18.407],[101.1133,18.0335],[100.9085,17.5839],[101.1052,17.4795],[102.1015,18.2106],[102.6606,17.818],[103.0514,18.0285],[103.367,18.4233],[103.9496,18.319],[104.4281,17.699],[104.816,17.3003],[104.7506,16.6476],[105.0472,16.1603],[105.4063,15.9875],[105.6221,15.7],[105.5132,15.3609],[105.4756,14.5301],[105.1833,14.3462],[104.779,14.4278],[103.1994,14.3326],[102.9093,14.1367],[102.7289,13.8419],[102.3197,13.54],[102.4996,12.67],[102.7557,12.4263],[102.7366,12.0898],[102.9339,11.7067],[102.763,12.0125],[102.5402,12.1092],[102.0344,12.5319],[101.7236,12.6894],[101.4449,12.6189],[100.8633,12.7145],[100.9627,13.432],[100.6561,13.5213],[100.2356,13.4845],[100.0175,13.3532],[100.0899,13.0457],[99.964,12.69],[99.9891,12.1708],[99.6273,11.4629],[99.4869,10.8896],[99.165,10.3198],[99.1607,9.734],[99.3938,9.2137],[99.7238,9.3142],[99.9047,9.1129],[99.9606,8.6712],[100.2794,8.2685],[100.4535,7.4423],[100.5862,7.176],[101.0179,6.8609],[101.4979,6.8653],[101.7992,6.4746],[102.1011,6.2422],[101.8736,5.8253],[101.5561,5.9078],[101.257,5.7894],[101.0756,5.9565],[101.0535,6.2426],[100.7938,6.4262],[100.3454,6.5499],[100.1191,6.442],[99.696,6.8767],[99.7203,7.1062],[99.3586,7.3722],[99.0511,7.8878],[98.5792,8.3443],[98.2382,8.4231],[98.3714,9.2905],[98.7025,10.1904],[98.7572,10.6609],[99.1901,11.1053],[99.6147,11.7812],[99.4051,12.5479],[99.2198,12.7397],[99.1368,13.7167],[98.9336,14.0499],[98.57,14.3599],[98.246,14.8147],[98.191,15.2041],[98.5652,15.4036],[98.5924,16.0507],[98.6893,16.3054],[98.4389,16.9757],[97.793,17.6813],[97.7197,18.0374],[97.485,18.4942],[97.754,18.6208],[97.7061,18.9318],[97.8168,19.46],[98.2391,19.6907],[98.9167,19.7729],[99.0207,20.0418],[99.3379,20.0789],[99.8903,20.4244],[100.1225,20.3167]]]},"properties":{"ADMIN":"Thailand","ISO_A2":"TH","ADM0_A3":"THA"}},{"type":"Feature","geometry":{"type":"Polygon","coordinates":[[[32.9199,-9.4074],[32.4332,-9.1563],[31.9426,-9.054],[31.3506,-8.607],[31.0764,-8.6119],[30.7512,-8.1937],[30.3132,-7.2037],[30.1063,-6.915],[29.7097,-6.6169],[29.4801,-6.025],[29.5941,-5.6508],[29.3428,-4.9831],[29.4032,-4.4493],[29.7178,-4.4559],[30.1472,-4.0854],[30.425,-3.5889],[30.7902,-3.2746],[30.7803,-2.9849],[30.515,-2.9176],[30.4242,-2.6416],[30.5536,-2.4001],[30.8287,-2.3385],[30.8126,-1.5631],[30.51,-1.0673],[30.742,-1.0075],[32.5497,-1.0021],[33.9032,-1.0021],[34.9843,-1.5605],[36.4764,-2.3936],[37.6438,-3.0454],[37.6087,-3.4603],[37.7973,-3.6744],[39.2218,-4.6924],[38.9782,-5.5186],[38.8192,-5.8776],[38.874,-6.3312],[39.4724,-6.8786],[39.5192,-7.1241],[39.2885,-7.5179],[39.441,-8.0115],[39.304,-8.4438],[39.7838,-9.9146],[40.4636,-10.4644],[39.9887,-10.8208],[39.3216,-11.1226],[38.7947,-11.2289],[38.4918,-11.4133],[37.9202,-11.2947],[37.5417,-11.6751],[36.9789,-11.567],[36.5187,-11.7162],[36.1913,-11.6707],[35.7854,-11.4529],[35.631,-11.582],[34.9595,-11.5781],[34.6079,-11.0805],[34.6671,-10.7925],[34.5242,-10.0302],[34.3209,-9.7315],[32.9199,-9.4074]]]},"properties":{"ADMIN":"United Republic of Tanzania","ISO_A2":"TZ","ADM0_A3":"TZA"}},{"type":"Feature","geometry":{"type":"Polygon","coordinates":[[[67.759,37.1722],[67.8144,37.487],[68.294,38.0329],[68.0479,38.6693],[68.1035,38.962],[67.6766,39.0085],[67.3496,39.2421],[67.719,39.6214],[68.4633,39.5367],[68.639,39.8389],[68.6525,40.1827],[69.2283,40.1876],[69.2063,40.5666],[69.4139,40.7972],[69.7129,40.657],[70.4415,41.0234],[70.751,40.7396],[70.3826,40.4535],[70.6531,40.2012],[70.958,40.2389],[70.4514,40.0492],[69.9668,40.2022],[69.5303,40.0973],[69.2291,39.7611],[69.5988,39.5738],[70.6078,39.5644],[70.7331,39.4133],[71.4043,39.5979],[72.0428,39.3521],[73.235,39.3746],[73.6316,39.4489],[73.7956,39.0021],[73.8017,38.6069],[74.2774,38.6598],[74.745,38.51],[74.8942,37.6014],[74.8913,37.2316],[74.6594,37.3945],[74.2597,37.4154],[73.7496,37.2318],[73.4813,37.4717],[72.8955,37.2675],[72.6574,37.0291],[72.3588,36.9829],[71.8021,36.6943],[71.5975,36.7329],[71.4329,37.1275],[71.552,37.9332],[71.2785,37.9184],[71.2559,38.307],[70.8789,38.4564],[70.6158,38.3344],[70.2146,37.9244],[70.2515,37.6642],[69.4921,37.5531],[69.2648,37.1084],[68.9604,37.325],[68.0678,36.9498],[67.759,37.1722]]]},"properties":{"ADMIN":"Tajikistan","ISO_A2":"TJ","ADM0_A3":"TJK"}},{"type":"Feature","geometry":{"type":"Polygon","coordinates":[[[121.0088,22.6204],[120.6901,22.0331],[120.5813,22.3564],[120.3256,22.5424],[120.0725,23.1498],[120.159,23.709],[120.6297,24.4785],[121.0406,25.0328],[121.5937,25.2753],[121.929,24.9737],[121.6394,24.1301],[121.4771,23.4241],[121.2959,22.9666],[121.0088,22.6204]]]},"properties":{"ADMIN":"Taiwan","ISO_A2":"CN-TW","ADM0_A3":"TWN"}},{"type":"Feature","geometry":{"type":"Polygon","coordinates":[[[35.8927,35.9166],[36.1273,35.8314],[36.5375,36.4574],[36.6586,36.8025],[37.4363,36.6433],[38.1917,36.9016],[38.7666,36.6931],[39.3566,36.6816],[40.0164,36.8261],[40.7057,37.0977],[41.5155,37.0892],[42.2686,37.2766],[42.359,37.1086],[41.7886,36.5972],[41.4168,36.5146],[41.2456,36.0734],[41.3541,35.6404],[41.2164,35.2882],[41.1947,34.769],[40.987,34.4291],[40.6895,34.332],[38.7735,33.3722],[36.8184,32.3173],[36.3721,32.3869],[35.7873,32.7349],[35.888,32.9444],[35.8407,33.4157],[35.9424,33.6676],[36.585,34.2212],[36.433,34.6135],[35.9763,34.6292],[35.9431,35.2238],[35.7645,35.5716],[35.8927,35.9166]]]},"properties":{"ADMIN":"Syria","ISO_A2":"SY","ADM0_A3":"SYR"}},{"type":"Feature","geometry":{"type":"Polygon","coordinates":[[[9.524,47.5242],[9.5275,47.2708],[9.4877,47.0623],[9.5803,47.0574],[9.9969,46.8854],[10.4528,46.8649],[9.9393,46.3618],[9.2511,46.2868],[8.9537,45.83],[8.4584,46.2459],[8.0815,46.256],[7.9932,46.0159],[7.0211,45.9258],[6.7581,46.4158],[6.0603,46.4282],[7.0006,47.3225],[7.6156,47.5927],[8.1982,47.6069],[8.6179,47.7661],[9.524,47.5242]]]},"properties":{"ADMIN":"Switzerland","ISO_A2":"CH","ADM0_A3":"CHE"}},{"type":"Feature","geometry":{"type":"MultiPolygon","coordinates":[[[[19.0765,57.8359],[18.8139,57.7062],[18.6999,57.2427],[18.2854,57.0832],[18.1365,57.5566],[18.5374,57.8306],[19.0765,57.8359]]],[[[11.3883,59.0365],[11.7981,59.2899],[11.6808,59.5923],[11.9321,59.8637],[12.4861,60.1068],[12.5887,60.4507],[12.2941,61.0027],[12.683,61.0468],[12.8808,61.3523],[12.1554,61.7208],[12.3035,62.2856],[12.1146,62.5919],[12.2182,63.0006],[11.9999,63.2917],[12.6625,63.9405],[13.2996,64.0748],[13.9605,64.014],[14.0776,64.464],[13.6503,64.5815],[14.4797,65.3015],[14.5433,66.1293],[15.4838,66.306],[15.4229,66.4898],[16.4035,67.055],[16.1274,67.4258],[17.3246,68.1038],[17.9167,67.9649],[18.3786,68.5624],[19.9698,68.3564],[20.6222,69.0369],[21.9975,68.5206],[22.7824,68.391],[23.6389,67.9544],[23.4681,67.45],[23.9886,66.8105],[23.7012,66.4808],[24.1555,65.8053],[23.1023,65.7354],[21.5655,65.4081],[21.5739,65.1258],[21.1382,64.8087],[21.465,64.3796],[20.7627,63.8678],[19.0344,63.2377],[18.4631,62.8959],[17.8956,62.8305],[17.4173,61.7407],[17.1308,61.5757],[17.251,60.7008],[17.9558,60.5898],[18.5575,60.2536],[18.9705,59.7572],[18.2854,59.1094],[17.4567,58.8584],[16.652,58.4343],[16.7699,58.2143],[16.5554,57.8123],[16.6522,57.5007],[16.5279,57.0682],[15.9967,56.2226],[14.782,56.1619],[14.215,55.8326],[14.3417,55.5277],[13.3214,55.3464],[12.8858,55.4114],[12.978,55.6938],[12.5926,56.1376],[12.8837,56.6177],[12.4215,56.9064],[11.4493,58.1184],[11.1472,58.9886],[11.3883,59.0365]]]]},"properties":{"ADMIN":"Sweden","ISO_A2":"SE","ADM0_A3":"SWE"}},{"type":"Feature","geometry":{"type":"Polygon","coordinates":[[[31.9482,-25.9576],[32.1129,-26.8395],[31.9584,-27.3059],[31.4695,-27.2955],[31.0634,-27.1123],[30.7943,-26.7643],[30.8033,-26.4135],[31.2073,-25.8434],[31.4151,-25.7466],[31.9482,-25.9576]]]},"properties":{"ADMIN":"eSwatini","ISO_A2":"SZ","ADM0_A3":"SWZ"}},{"type":"Feature","geometry":{"type":"Polygon","coordinates":[[[-54.156,5.359],[-54.4522,5.0135],[-54.4496,4.485],[-54.3507,4.0541],[-53.9905,3.5896],[-54.2031,3.1382],[-54.1955,2.8179],[-54.402,2.4615],[-54.6163,2.3268],[-55.0058,2.593],[-55.7306,2.4062],[-55.9359,2.5166],[-56.1294,2.2995],[-55.9153,2.0396],[-56.0199,1.8422],[-56.4828,1.9421],[-56.7043,2.0365],[-57.2098,2.8828],[-57.3037,3.3771],[-57.5496,3.3528],[-57.8327,3.676],[-58.0545,4.1719],[-57.7111,4.9911],[-57.331,5.0202],[-57.1948,5.5484],[-56.9698,5.9929],[-55.9396,5.7955],[-55.8282,5.9617],[-54.8337,5.9883],[-54.0542,5.8079],[-54.156,5.359]]]},"properties":{"ADMIN":"Suriname","ISO_A2":"SR","ADM0_A3":"SUR"}},{"type":"Feature","geometry":{"type":"Polygon","coordinates":[[[33.9761,4.2202],[33.4894,3.7551],[32.8381,3.7985],[32.3357,3.7062],[32.0994,3.5292],[31.798,3.8026],[31.48,3.6805],[31.1523,3.7856],[30.8386,3.4907],[30.5083,3.8357],[30.1949,3.9819],[29.6769,4.5869],[29.4696,4.6118],[29.1515,4.3882],[28.7271,4.505],[28.4275,4.3242],[28.1921,4.3502],[27.7881,4.6447],[27.4033,5.1092],[27.0834,5.7769],[26.5143,6.0692],[26.3086,6.4553],[26.3618,6.6353],[25.889,7.0649],[25.3807,7.3334],[25.2474,7.7246],[24.8533,8.1375],[24.2914,8.2914],[24.1474,8.6656],[24.5319,8.8869],[24.7853,9.7747],[25.067,10.2938],[25.798,10.4205],[25.8915,10.2027],[26.5514,9.5258],[27.0742,9.6138],[27.8858,9.5997],[28.0489,9.3286],[28.8445,9.3261],[28.9996,9.6102],[29.4731,9.7686],[29.6055,10.0651],[30.003,10.2774],[30.7394,9.7427],[31.2249,9.7993],[31.6549,10.2211],[31.933,10.6625],[32.4041,11.0578],[32.3354,11.716],[32.0723,12.0067],[32.7367,12.0097],[32.7219,12.2231],[33.1993,12.2173],[33.073,11.5915],[33.1722,10.8501],[33.8922,10.199],[34.0781,9.4615],[34.0945,8.5822],[33.9533,8.4435],[33.2343,8.3964],[33.0126,7.9515],[33.226,7.7606],[33.6661,7.671],[34.0643,7.2257],[34.7106,6.6603],[35.0819,5.6731],[35.2684,5.4923],[33.9761,4.2202]]]},"properties":{"ADMIN":"South Sudan","ISO_A2":"SS","ADM0_A3":"SDS"}},{"type":"Feature","geometry":{"type":"Polygon","coordinates":[[[34.0781,9.4615],[33.8922,10.199],[33.1722,10.8501],[33.073,11.5915],[33.1993,12.2173],[32.7219,12.2231],[32.7367,12.0097],[32.0723,12.0067],[32.3354,11.716],[32.4041,11.0578],[31.933,10.6625],[31.6549,10.2211],[31.2249,9.7993],[30.7394,9.7427],[30.003,10.2774],[29.6055,10.0651],[29.4731,9.7686],[28.9996,9.6102],[28.8445,9.3261],[28.0489,9.3286],[27.8858,9.5997],[27.0742,9.6138],[26.5514,9.5258],[25.8915,10.2027],[25.798,10.4205],[25.067,10.2938],[24.7853,9.7747],[24.5319,8.8869],[24.1474,8.6656],[23.5373,8.8158],[23.4683,9.1147],[23.6227,9.3406],[23.6463,9.8229],[23.3123,10.3879],[22.8601,10.9197],[22.9227,11.3449],[22.5563,11.6695],[22.3523,12.6604],[21.8253,12.7905],[22.2281,13.3296],[22.1076,13.7303],[22.51,14.1274],[22.3815,14.5505],[22.6709,14.7225],[22.9323,15.1621],[22.9339,15.5331],[23.1052,15.7025],[23.9834,15.7802],[23.9822,17.2664],[23.9803,19.4966],[23.9803,19.9959],[24.9795,20.0026],[24.9803,21.9959],[26.5084,21.9956],[28.4186,21.9953],[29.5646,21.9951],[31.4345,21.9959],[33.9185,21.9962],[35.2309,21.9964],[36.8714,21.9967],[36.927,21.5865],[37.1506,21.1038],[37.2275,20.5567],[37.2484,19.5819],[37.4713,18.8201],[37.9219,18.5559],[38.2018,18.2494],[38.6095,18.0051],[38.2535,17.5848],[37.7824,17.458],[37.411,17.0617],[37.009,17.0589],[36.8878,16.6247],[36.9138,16.2962],[36.5218,15.2501],[36.4268,15.1321],[36.5243,14.2568],[36.3906,13.6261],[36.2122,13.2711],[36.1075,12.7265],[35.5961,12.5373],[35.1123,11.8166],[34.9607,11.2768],[34.9314,10.8648],[34.5719,10.8802],[34.2757,10.5281],[34.2915,10.1248],[34.0781,9.4615]]]},"properties":{"ADMIN":"Sudan","ISO_A2":"SD","ADM0_A3":"SDN"}},{"type":"Feature","geometry":{"type":"Polygon","coordinates":[[[79.9823,9.8127],[80.2528,9.7963],[80.7111,9.3664],[81.3729,8.4314],[81.4359,8.1189],[81.6654,7.7825],[81.8741,7.2883],[81.8614,6.9013],[81.6374,6.4251],[81.38,6.2409],[80.7241,5.9791],[80.2674,6.0098],[80.0953,6.1532],[79.8594,6.8293],[79.7921,7.5852],[79.9289,8.8992],[80.1184,9.3269],[79.9823,9.8127]]]},"properties":{"ADMIN":"Sri Lanka","ISO_A2":"LK","ADM0_A3":"LKA"}},{"type":"Feature","geometry":{"type":"MultiPolygon","coordinates":[[[[3.1453,39.7901],[3.4618,39.6978],[3.0729,39.3013],[2.3713,39.6131],[2.785,39.8548],[3.1453,39.7901]]],[[[-1.794,43.4073],[-1.2854,43.0596],[-0.2993,42.8253],[-0.0412,42.6891],[0.6316,42.6896],[0.6969,42.8451],[1.4283,42.5959],[1.4862,42.4345],[1.7061,42.5033],[2.0327,42.3535],[3.2114,42.4312],[3.248,41.9442],[2.0826,41.2874],[1.0329,41.0621],[0.7146,40.8229],[0.3637,40.319],[-0.327,39.5199],[-0.2049,39.0626],[0.2016,38.7592],[-0.3812,38.4356],[-0.6468,38.1519],[-0.8222,37.5808],[-1.3275,37.5611],[-1.7976,37.2329],[-2.1115,36.7767],[-2.7875,36.7147],[-3.2591,36.7558],[-4.3668,36.7181],[-4.6741,36.5064],[-5.1715,36.4238],[-5.6255,36.0259],[-6.0407,36.1884],[-6.4924,36.9546],[-6.8846,37.1942],[-7.4062,37.1794],[-7.5035,37.5855],[-7.1854,38.0063],[-7.343,38.4574],[-7.046,38.907],[-7.4451,39.5362],[-7.0367,39.714],[-6.8102,40.3431],[-6.9285,41.0091],[-6.2125,41.532],[-6.5422,41.6725],[-6.6183,41.9424],[-7.4036,41.8337],[-7.9208,41.8836],[-8.2131,42.1337],[-8.7771,41.9411],[-8.6909,42.2742],[-9.2352,42.9769],[-8.8737,43.3344],[-8.5371,43.3371],[-8.2567,43.5799],[-7.6981,43.7646],[-7.262,43.5946],[-5.6658,43.5825],[-4.523,43.4157],[-3.6046,43.5195],[-3.0456,43.3716],[-2.3371,43.328],[-1.794,43.4073]]],[[[-16.3345,28.3799],[-16.658,28.0072],[-16.9053,28.3396],[-16.3345,28.3799]]],[[[-14.1968,28.1693],[-14.0034,28.7067],[-13.8276,28.5852],[-13.928,28.2535],[-14.1968,28.1693]]],[[[-15.4006,28.1474],[-15.3892,27.8747],[-15.7103,27.7841],[-15.6828,28.1541],[-15.4006,28.1474]]]]},"properties":{"ADMIN":"Spain","ISO_A2":"ES","ADM0_A3":"ESP"}},{"type":"Feature","geometry":{"type":"MultiPolygon","coordinates":[[[[126.6339,37.7818],[127.1695,38.3045],[128.039,38.3085],[128.3746,38.6234],[128.6188,38.1761],[129.3352,37.2746],[129.4734,36.7419],[129.4035,36.0521],[129.5617,35.9477],[129.2142,35.1818],[128.5109,35.101],[128.4439,34.8704],[127.7148,34.9547],[127.3896,34.743],[126.5083,34.3506],[126.2911,35.1542],[126.7174,35.7688],[126.5404,36.1662],[126.5482,36.4776],[126.2172,36.8709],[126.7464,37.1936],[126.6339,37.7818]]],[[[126.327,33.2236],[126.3377,33.4604],[126.6955,33.5493],[126.8729,33.3412],[126.327,33.2236]]]]},"properties":{"ADMIN":"South Korea","ISO_A2":"KR","ADM0_A3":"KOR"}},{"type":"Feature","geometry":{"type":"Polygon","coordinates":[[[29.3648,-22.1939],[29.6631,-22.1463],[30.4602,-22.329],[30.9161,-22.2907],[31.2879,-22.4021],[31.5456,-23.4823],[31.7996,-23.8922],[31.9858,-24.4606],[31.9482,-25.9576],[31.4151,-25.7466],[31.2073,-25.8434],[30.8033,-26.4135],[30.7943,-26.7643],[31.0634,-27.1123],[31.4695,-27.2955],[31.9584,-27.3059],[32.1129,-26.8395],[32.8861,-26.8493],[32.5348,-28.1997],[32.2857,-28.6215],[31.7782,-28.9371],[31.3352,-29.3781],[30.2887,-30.9701],[28.856,-32.2942],[27.8606,-33.0539],[27.0774,-33.5212],[26.4295,-33.7596],[25.9896,-33.7113],[25.6382,-34.0111],[25.0029,-33.9736],[24.8271,-34.1689],[23.5855,-33.9852],[23.2682,-34.0812],[22.5538,-34.0101],[22.2455,-34.0691],[21.789,-34.3727],[21.0602,-34.3646],[20.5299,-34.4631],[20.0206,-34.7857],[19.635,-34.7533],[18.8088,-34.1082],[18.3544,-33.9391],[18.433,-33.7173],[17.8782,-32.9615],[18.2509,-32.6521],[18.3107,-32.1225],[18.2108,-31.7425],[17.6774,-31.019],[17.1891,-30.0998],[16.95,-29.4034],[16.4476,-28.6176],[16.7558,-28.4521],[17.0563,-28.0311],[17.3857,-28.3532],[17.4479,-28.6981],[18.3108,-28.8862],[19.0261,-28.9279],[19.6715,-28.5039],[19.9805,-28.4513],[19.9805,-26.5312],[19.9805,-24.7768],[20.3452,-25.0299],[20.7932,-25.9156],[20.815,-26.1649],[20.6268,-26.4438],[20.7398,-26.8488],[21.6463,-26.8542],[22.0909,-26.5802],[22.6402,-26.0712],[22.8788,-25.4579],[23.266,-25.2666],[23.8938,-25.6009],[24.7481,-25.8174],[25.4437,-25.7145],[25.5838,-25.6062],[25.9121,-24.7475],[26.3972,-24.6136],[26.8351,-24.2408],[26.987,-23.7046],[27.1464,-23.5244],[27.8905,-23.0739],[28.2102,-22.6937],[28.8398,-22.4809],[29.1299,-22.2133],[29.3648,-22.1939]],[[28.7369,-30.102],[29.098,-29.919],[29.3907,-29.2697],[29.3014,-29.0898],[28.6258,-28.5817],[27.7355,-28.94],[27.2945,-29.5193],[27.0518,-29.6641],[27.3885,-30.3159],[27.7531,-30.6],[28.0182,-30.6423],[28.3921,-30.1476],[28.7369,-30.102]]]},"properties":{"ADMIN":"South Africa","ISO_A2":"ZA","ADM0_A3":"ZAF"}},{"type":"Feature","geometry":{"type":"Polygon","coordinates":[[[41.5327,-1.6953],[41.5219,-1.5723],[40.9787,-0.8703],[40.97,1.3782],[40.9645,2.8146],[41.3418,3.2017],[41.884,3.9777],[42.0241,4.1379],[42.7916,4.292],[43.1257,4.6445],[43.5835,4.855],[44.0281,4.951],[44.9405,4.912],[45.935,5.9972],[46.9712,7.026],[47.9782,7.9971],[48.9381,9.4518],[48.9386,11.2584],[50.1101,11.5293],[50.7923,11.9837],[51.2549,11.8307],[51.0843,11.3356],[51.1406,10.6569],[50.8984,10.2531],[50.825,9.4282],[50.4298,8.8453],[50.1028,8.1998],[49.8521,7.9625],[49.7612,7.6595],[49.3485,6.9905],[49.0493,6.1736],[48.649,5.4944],[48.234,4.9527],[47.9753,4.497],[46.8788,3.2856],[46.0512,2.4751],[44.9202,1.8102],[44.3327,1.391],[43.4677,0.6216],[42.5607,-0.3215],[41.9799,-0.973],[41.5327,-1.6953]]]},"properties":{"ADMIN":"Somalia","ISO_A2":"SO","ADM0_A3":"SOM"}},{"type":"Feature","geometry":{"type":"Polygon","coordinates":[[[48.9386,11.2584],[48.9381,9.4518],[47.9782,7.9971],[46.9782,7.9971],[44.8936,8.7002],[44.0229,8.986],[43.4825,9.3795],[43.1816,9.88],[42.8416,10.2031],[42.6596,10.6214],[42.9228,10.9993],[43.246,11.4998],[43.4412,11.3464],[43.8527,10.7843],[44.3865,10.4302],[44.943,10.4367],[45.8167,10.8359],[46.565,10.746],[47.405,11.174],[48.0192,11.1394],[48.6744,11.3227],[48.9386,11.2584]]]},"properties":{"ADMIN":"Somaliland","ISO_A2":"-99","ADM0_A3":"SOL"}},{"type":"Feature","geometry":{"type":"MultiPolygon","coordinates":[[[[157.7635,-8.2422],[157.5879,-8.4454],[157.3514,-8.2753],[157.4334,-7.9847],[157.7635,-8.2422]]],[[[159.7504,-9.2727],[159.9706,-9.4333],[160.3546,-9.4216],[160.6255,-9.5889],[160.6492,-9.9286],[159.8537,-9.7915],[159.6219,-9.5321],[159.7504,-9.2727]]],[[[159.8791,-8.5343],[158.944,-8.0407],[158.597,-7.7591],[158.7344,-7.6043],[159.1094,-7.9035],[159.4314,-8.029],[159.8431,-8.327],[159.8791,-8.5343]]],[[[157.4867,-7.3304],[157.1016,-7.3236],[156.6958,-6.9109],[157.0303,-6.892],[157.1484,-7.1138],[157.4867,-7.3304]]],[[[160.7494,-8.314],[160.9977,-8.612],[161.2585,-9.3169],[160.8734,-9.1568],[160.5904,-8.3728],[160.7494,-8.314]]],[[[161.7153,-10.3873],[162.1054,-10.4538],[162.1236,-10.8244],[161.5379,-10.5664],[161.7153,-10.3873]]]]},"properties":{"ADMIN":"Solomon Islands","ISO_A2":"SB","ADM0_A3":"SLB"}},{"type":"Feature","geometry":{"type":"Polygon","coordinates":[[[22.5387,49.0727],[22.1318,48.4053],[21.767,48.3381],[21.4514,48.5522],[20.49,48.5269],[20.3338,48.2956],[19.8986,48.1313],[18.7919,48.0003],[18.7242,47.7872],[17.7619,47.7702],[17.1474,48.006],[16.8654,48.3869],[16.9531,48.5988],[17.1885,48.8609],[17.7585,48.8881],[18.1609,49.2574],[18.8322,49.5108],[19.1494,49.4],[19.4416,49.5977],[19.8022,49.1923],[20.6161,49.3917],[21.6396,49.412],[22.5387,49.0727]]]},"properties":{"ADMIN":"Slovakia","ISO_A2":"SK","ADM0_A3":"SVK"}},{"type":"Feature","geometry":{"type":"Polygon","coordinates":[[[16.5162,46.4999],[15.6359,46.2007],[15.6248,45.834],[15.2771,45.7326],[15.3395,45.467],[14.7336,45.5085],[13.8787,45.4284],[13.5779,45.5169],[13.7198,45.5876],[13.3995,46.3175],[13.7,46.5203],[14.5035,46.417],[15.0007,46.626],[15.9576,46.6776],[16.0931,46.8633],[16.5162,46.4999]]]},"properties":{"ADMIN":"Slovenia","ISO_A2":"SI","ADM0_A3":"SVN"}},{"type":"Feature","geometry":{"type":"Polygon","coordinates":[[[103.9697,1.3314],[103.8199,1.2654],[103.6502,1.3255],[103.818,1.4471],[103.9697,1.3314]]]},"properties":{"ADMIN":"Singapore","ISO_A2":"SG","ADM0_A3":"SGP"}},{"type":"Feature","geometry":{"type":"Polygon","coordinates":[[[-10.2832,8.4852],[-10.6475,7.7594],[-11.2677,7.2326],[-11.5075,6.9065],[-11.7334,7.0886],[-12.4856,7.3863],[-12.5104,7.6657],[-12.881,7.8566],[-13.2284,8.6959],[-13.2927,9.0492],[-13.028,9.1036],[-12.7559,9.3736],[-12.5015,9.8622],[-11.9111,9.993],[-11.2057,9.9777],[-10.6905,9.3143],[-10.5005,8.6875],[-10.2832,8.4852]]]},"properties":{"ADMIN":"Sierra Leone","ISO_A2":"SL","ADM0_A3":"SLE"}},{"type":"Feature","geometry":{"type":"Polygon","coordinates":[[[55.5403,-4.6931],[55.3834,-4.6093],[55.4558,-4.5588],[55.5403,-4.6931]]]},"properties":{"ADMIN":"Seychelles","ISO_A2":"SC","ADM0_A3":"SYC"}},{"type":"Feature","geometry":{"type":"Polygon","coordinates":[[[22.7051,44.2378],[22.4208,44.0074],[22.5546,43.4545],[22.9769,43.188],[22.4668,42.8425],[22.5235,42.441],[22.344,42.314],[21.5625,42.2475],[21.7529,42.6698],[21.3906,42.7514],[21.057,43.0917],[20.624,43.0342],[20.3443,42.8279],[19.5516,43.2123],[19.1943,43.5333],[19.4882,43.7036],[19.1519,44.3025],[19.3568,44.8585],[19.0071,44.8692],[19.0551,45.5272],[18.9054,45.9317],[19.5308,46.1552],[20.2418,46.1086],[20.775,45.7498],[20.7742,45.4844],[21.4918,45.1223],[21.3844,44.8701],[22.0931,44.5419],[22.5023,44.4896],[22.7051,44.2378]]]},"properties":{"ADMIN":"Republic of Serbia","ISO_A2":"RS","ADM0_A3":"SRB"}},{"type":"Feature","geometry":{"type":"Polygon","coordinates":[[[-12.2806,14.809],[-12.2284,14.4586],[-12.0192,14.2065],[-12.0542,13.6331],[-11.635,13.3699],[-11.3904,12.942],[-11.3894,12.4044],[-12.0424,12.398],[-12.2912,12.328],[-12.7973,12.4519],[-13.0829,12.6335],[-13.7292,12.6739],[-15.1961,12.6799],[-15.5748,12.4904],[-16.7118,12.3548],[-16.7633,13.0642],[-16.6488,13.1542],[-15.8343,13.1564],[-15.8144,13.3251],[-15.2862,13.396],[-15.1511,13.5565],[-14.2468,13.2358],[-13.8475,13.3353],[-13.9774,13.5435],[-14.4055,13.5037],[-14.9358,13.7852],[-15.4269,13.727],[-15.5097,13.5862],[-16.5623,13.5873],[-16.7978,14.0933],[-17.1681,14.6406],[-17.1472,14.922],[-16.8434,15.294],[-16.5353,15.8384],[-16.441,16.2045],[-16.1684,16.5471],[-15.6208,16.5066],[-15.1126,16.6449],[-14.5337,16.656],[-14.3001,16.5803],[-13.8685,16.1481],[-13.4097,16.0592],[-13.258,15.7004],[-12.8585,15.2425],[-12.2806,14.809]]]},"properties":{"ADMIN":"Senegal","ISO_A2":"SN","ADM0_A3":"SEN"}},{"type":"Feature","geometry":{"type":"Polygon","coordinates":[[[51.9776,18.9961],[50.3553,18.7778],[49.042,18.5818],[48.1722,18.1569],[47.5796,17.4483],[47.4418,17.1119],[46.9757,16.9535],[46.682,17.2686],[46.3104,17.2313],[45.4065,17.3198],[45.148,17.4274],[44.156,17.3985],[43.917,17.3247],[43.418,17.5163],[43.1909,17.3594],[43.165,16.6894],[42.7993,16.3718],[42.6988,16.737],[42.3833,17.1225],[42.2939,17.435],[41.75,17.8857],[41.2295,18.6784],[41.116,19.0822],[40.7592,19.7555],[40.0807,20.2659],[39.6137,20.5177],[39.0936,21.3104],[39.1471,21.519],[38.9879,21.8817],[39.0959,22.3928],[38.9411,22.8818],[38.4642,23.7119],[37.9197,24.1854],[37.5431,24.2917],[37.1809,24.82],[37.1488,25.2911],[36.7627,25.7513],[36.2496,26.5948],[35.5813,27.4325],[35.1805,28.0349],[34.6162,28.1483],[34.7799,28.5073],[34.9508,29.3535],[36.0154,29.1905],[36.4761,29.4951],[36.7553,29.866],[37.4692,29.9951],[37.6336,30.3133],[37.9801,30.5],[36.9586,31.4915],[38.9623,31.9949],[39.1454,32.1245],[40.3693,31.939],[42.0744,31.0804],[42.8577,30.4952],[44.6908,29.2023],[46.3564,29.0637],[46.5314,29.0962],[47.4332,28.9896],[47.6713,28.5332],[48.4425,28.5429],[48.9064,27.6291],[49.4053,27.181],[49.9861,26.8289],[50.2139,26.3085],[50.0316,26.111],[50.5579,25.0867],[50.8044,24.7893],[50.966,24.5739],[51.268,24.6072],[51.3099,24.3404],[51.5684,24.2862],[51.5926,24.0789],[52.5551,22.9328],[55.1043,22.6215],[55.1858,22.7041],[55.641,22.0019],[54.9773,19.9959],[53.6669,19.5591],[51.9776,18.9961]]]},"properties":{"ADMIN":"Saudi Arabia","ISO_A2":"SA","ADM0_A3":"SAU"}},{"type":"Feature","geometry":{"type":"Polygon","coordinates":[[[6.66,0.1207],[6.5243,0.3403],[6.6869,0.4044],[6.75,0.2435],[6.66,0.1207]]]},"properties":{"ADMIN":"São Tomé and Principe","ISO_A2":"ST","ADM0_A3":"STP"}},{"type":"Feature","geometry":{"type":"Polygon","coordinates":[[[12.4853,43.9014],[12.3969,43.9346],[12.4411,43.9824],[12.5146,43.953],[12.4853,43.9014]]]},"properties":{"ADMIN":"San Marino","ISO_A2":"SM","ADM0_A3":"SMR"}},{"type":"Feature","geometry":{"type":"Polygon","coordinates":[[[-172.3335,-13.4652],[-172.225,-13.8043],[-172.5357,-13.7917],[-172.7441,-13.5787],[-172.3335,-13.4652]]]},"properties":{"ADMIN":"Samoa","ISO_A2":"WS","ADM0_A3":"WSM"}},{"type":"Feature","geometry":{"type":"Polygon","coordinates":[[[-61.1745,13.1581],[-61.2773,13.2096],[-61.1821,13.356],[-61.124,13.294],[-61.1745,13.1581]]]},"properties":{"ADMIN":"Saint Vincent and the Grenadines","ISO_A2":"VC","ADM0_A3":"VCT"}},{"type":"Feature","geometry":{"type":"Polygon","coordinates":[[[-60.8952,13.822],[-61.0636,13.9156],[-60.8868,14.0111],[-60.8952,13.822]]]},"properties":{"ADMIN":"Saint Lucia","ISO_A2":"LC","ADM0_A3":"LCA"}},{"type":"Feature","geometry":{"type":"Polygon","coordinates":[[[-62.6307,17.24],[-62.8389,17.3393],[-62.7946,17.4026],[-62.7137,17.3533],[-62.6307,17.24]]]},"properties":{"ADMIN":"Saint Kitts and Nevis","ISO_A2":"KN","ADM0_A3":"KNA"}},{"type":"Feature","geometry":{"type":"Polygon","coordinates":[[[29.577,-1.3879],[30.1016,-1.3687],[30.51,-1.0673],[30.8126,-1.5631],[30.8287,-2.3385],[30.5536,-2.4001],[29.9302,-2.3396],[29.8682,-2.7164],[29.3902,-2.8086],[29.0144,-2.7202],[28.8764,-2.4003],[29.1064,-2.2332],[29.1294,-1.8603],[29.3517,-1.5176],[29.577,-1.3879]]]},"properties":{"ADMIN":"Rwanda","ISO_A2":"RW","ADM0_A3":"RWA"}},{"type":"Feature","geometry":{"type":"MultiPolygon","coordinates":[[[[-179.7985,68.9404],[-178.8739,68.7541],[-177.4075,68.2452],[-175.3452,67.6781],[-174.7712,66.7843],[-174.4476,67.1031],[-173.6797,67.1448],[-172.6406,66.925],[-171.7956,66.9317],[-170.1919,66.2013],[-170.6663,65.6215],[-172.2116,65.4252],[-172.2132,65.0481],[-172.924,64.7049],[-172.4874,64.5442],[-173.0091,64.2975],[-173.7297,64.3645],[-174.318,64.6376],[-175.3951,64.8024],[-175.8539,65.0108],[-176.0933,65.471],[-177.0562,65.6136],[-178.3102,65.4849],[-178.8793,65.9365],[-179.6162,66.1279],[-179.7283,65.8038],[-179.3521,65.5167],[-180,65.0672],[-180,65.312],[-180,65.5568],[-180,65.8016],[-180,66.0463],[-180,66.2911],[-180,66.5358],[-180,66.7806],[-180,67.0253],[-180,67.2701],[-180,67.5148],[-180,67.7596],[-180,68.0044],[-180,68.2491],[-180,68.4939],[-180,68.7387],[-180,68.9834],[-179.7985,68.9404]]],[[[130.6873,42.3025],[130.527,42.5354],[130.5772,42.8116],[131.0686,42.9022],[131.2618,43.4331],[131.2553,44.0716],[131.0606,44.6597],[131.0823,44.91],[131.9775,45.244],[132.936,45.0299],[133.186,45.4948],[133.8613,46.2478],[133.8666,46.4991],[134.2021,47.1281],[134.1677,47.3022],[134.7523,47.7154],[134.5636,48.3217],[134.2934,48.3734],[133.4684,48.0972],[133.144,48.1057],[132.5619,47.7685],[131.7853,47.6805],[131.0027,47.6915],[130.7121,48.1276],[130.8043,48.3415],[130.196,48.8917],[129.4981,49.3888],[129.1201,49.3621],[128.5268,49.5942],[127.9996,49.5686],[127.5024,49.8734],[127.5902,50.209],[127.3061,50.4535],[127.307,50.708],[126.9248,51.1001],[126.8055,51.5057],[126.3129,52.3998],[125.649,53.0423],[124.8123,53.1338],[123.6078,53.5465],[122.3378,53.485],[120.7041,53.1718],[120.0945,52.7872],[120.6562,52.5667],[120.7498,52.0965],[120.0669,51.6007],[119.1919,50.3798],[119.2599,50.0664],[118.4516,49.8445],[117.8734,49.5135],[116.6833,49.8238],[116.1346,50.0108],[115.7178,49.8806],[115.2745,49.9489],[114.7432,50.2337],[114.2971,50.2744],[113.1642,49.7972],[113.0556,49.6163],[112.0797,49.4242],[111.3366,49.3559],[110.8279,49.1662],[110.1999,49.1704],[109.2367,49.3349],[108.6137,49.3228],[108.0338,49.594],[107.9479,49.9247],[107.2333,49.9894],[106.7111,50.3126],[106.2179,50.3046],[105.3836,50.4737],[103.6329,50.1386],[102.6833,50.3872],[102.2884,50.5851],[102.1115,51.3535],[101.3813,51.4526],[100.5362,51.7135],[99.9217,51.7555],[98.8486,52.0701],[97.9469,51.3484],[97.8253,50.9853],[98.2795,50.5333],[98.1034,50.0778],[97.2086,49.7308],[96.9857,49.8828],[96.315,49.9011],[95.852,50.0129],[95.5227,49.9112],[94.6147,50.0237],[94.2511,50.5564],[91.8043,50.6936],[89.6438,49.903],[89.6541,49.7175],[88.8316,49.4484],[88.1926,49.4517],[87.8143,49.1623],[87.3229,49.0858],[86.6143,49.6097],[86.1809,49.4993],[85.2102,49.6648],[84.9895,50.0614],[84.2578,50.2882],[83.9451,50.7747],[83.3573,50.9946],[82.7608,50.8934],[82.4939,50.7276],[81.4659,50.7398],[81.3883,50.9565],[80.8773,51.2814],[80.448,51.1834],[80.4236,50.9463],[79.9862,50.7746],[79.4688,51.4931],[78.4755,52.6384],[77.7044,53.3792],[76.5757,53.9425],[76.789,54.3219],[76.2666,54.312],[75.0521,53.8267],[74.452,53.6473],[73.2857,53.5984],[73.3994,53.8115],[72.9141,54.1073],[72.0045,54.2057],[71.0932,54.2122],[71.1855,54.5993],[70.7381,55.3052],[70.1824,55.1625],[69.4933,55.3569],[68.9772,55.3896],[68.2063,55.1609],[68.0738,54.9596],[66.2227,54.6674],[65.477,54.6233],[65.1578,54.3644],[64.4612,54.3842],[63.0739,54.1052],[61.9287,53.9465],[61.3337,54.0493],[60.9795,53.6217],[61.1992,53.2872],[62.0146,53.1079],[61.9742,52.9438],[61.0475,52.9725],[60.8023,52.7447],[60.9376,52.2806],[60.0655,51.9765],[60.4647,51.6512],[61.3631,51.4419],[61.5851,51.2297],[61.3895,50.861],[60.638,50.6637],[59.9552,50.7993],[59.8124,50.582],[58.8837,50.6944],[58.3592,51.0638],[57.8389,51.0917],[57.4422,50.8889],[57.0117,51.0652],[56.4914,51.0195],[55.7977,50.6021],[55.5423,50.6018],[54.7271,50.9981],[54.4215,50.7803],[54.0415,51.1152],[53.3381,51.4824],[52.5712,51.4816],[52.3311,51.6813],[51.6091,51.484],[50.7939,51.7292],[50.2469,51.2895],[49.498,51.0836],[49.3234,50.8517],[48.8084,50.6013],[48.7005,50.3538],[48.8433,50.0131],[48.4343,49.8285],[47.7058,50.378],[47.3265,50.2735],[46.992,49.8527],[46.8021,49.3671],[47.0143,49.0983],[46.7026,48.8056],[46.6609,48.4123],[47.0043,48.2845],[47.0933,47.9477],[47.4819,47.8039],[48.11,47.7454],[48.5525,47.321],[48.9594,46.7746],[48.6102,46.5665],[49.2322,46.3372],[48.1592,45.737],[47.5242,45.6017],[47.1147,44.906],[46.7553,44.6565],[46.753,44.4207],[47.2299,44.1924],[47.509,43.5097],[47.4632,43.0351],[48.5729,41.8445],[48.3914,41.6019],[47.8611,41.2127],[47.2611,41.3151],[46.7493,41.8126],[46.4299,41.891],[45.6386,42.2051],[45.7275,42.475],[45.3438,42.5298],[44.871,42.7564],[44.5059,42.7486],[43.9574,42.5666],[43.7826,42.747],[42.419,43.2242],[41.5806,43.2192],[40.648,43.5339],[40.1502,43.5698],[39.9783,43.4198],[38.7173,44.2881],[38.1813,44.4197],[37.8515,44.6988],[37.4113,44.7354],[36.9412,45.2897],[37.6472,45.3772],[37.6124,45.5647],[37.9331,46.0017],[38.1836,46.0948],[37.968,46.618],[39.2935,47.1058],[38.4848,47.1755],[38.2144,47.0915],[38.2874,47.5592],[38.9003,47.8551],[39.7359,47.8448],[39.961,48.2379],[39.6865,49.0079],[40.07,49.2003],[39.7806,49.572],[39.1748,49.856],[38.9184,49.8247],[38.2586,50.0523],[38.0469,49.92],[37.4229,50.4115],[36.6194,50.2092],[35.4116,50.5397],[35.3119,51.0439],[34.2807,51.3117],[34.1211,51.6792],[34.3979,51.7804],[33.7353,52.3448],[32.5079,52.3085],[32.2828,52.114],[31.7634,52.1011],[31.5773,52.3123],[31.4179,53.196],[32.142,53.0912],[32.7043,53.3363],[31.792,54.0559],[31.4036,54.1959],[31.1213,54.6485],[30.7988,54.7833],[30.9777,55.0505],[30.9068,55.57],[30.2336,55.8452],[29.4822,55.6846],[29.375,55.9387],[28.7947,55.9426],[28.1479,56.1429],[28.1031,56.5457],[27.8061,56.8671],[27.7969,57.3169],[27.352,57.5281],[27.7528,57.841],[27.4878,58.2701],[27.4271,58.7331],[28.0125,59.4843],[28.014,59.7248],[28.9473,59.8288],[29.0691,60.1915],[28.6432,60.3753],[28.6506,60.611],[27.7977,60.5361],[29.6901,61.5461],[31.2856,62.5678],[31.534,62.8854],[31.1809,63.2083],[30.0554,63.689],[30.5039,64.0206],[30.1081,64.3661],[30.0729,64.765],[29.6042,64.9684],[29.7159,65.6246],[30.0953,65.6817],[29.9034,66.0911],[29.087,66.9709],[29.9412,67.5475],[29.3438,68.0619],[28.6852,68.1898],[28.4707,68.4884],[28.9658,69.022],[30.8697,69.7834],[31.4527,69.6896],[31.9846,69.9537],[32.9417,69.7519],[32.3777,69.4791],[33.6844,69.3103],[35.8579,69.1917],[37.7306,68.6921],[40.3807,67.8319],[40.9664,67.7135],[41.189,66.8262],[40.5216,66.4466],[39.2891,66.132],[38.3976,66.0645],[35.5135,66.3958],[34.8246,66.6111],[33.482,66.7646],[32.8476,67.0215],[32.4637,66.9163],[33.5667,66.321],[34.3998,66.1284],[34.7863,65.8646],[34.4064,65.3958],[34.8035,64.986],[34.8695,64.56],[35.6471,64.3783],[36.3649,64.0028],[37.4422,63.8134],[38.0708,64.0258],[37.9537,64.3201],[37.1837,64.4085],[36.5282,64.8474],[36.8828,65.1724],[37.5281,65.1083],[38.0094,64.8788],[39.758,64.5771],[40.2813,64.9981],[39.798,65.3499],[39.8165,65.5979],[40.6916,65.9634],[41.4758,66.1234],[42.2105,66.5197],[44.0972,66.2351],[44.4887,66.6718],[44.2918,67.0997],[43.7824,67.2545],[44.2254,67.9956],[44.048,68.5488],[45.0781,68.5782],[45.892,68.4797],[46.6904,67.8488],[45.5287,67.7576],[44.9395,67.4774],[45.986,66.8531],[46.6908,66.8255],[47.7091,67.045],[47.8747,67.5842],[48.8779,67.7313],[50.8389,68.35],[52.5501,68.5924],[53.802,68.9959],[53.9679,68.2273],[54.5612,68.273],[56.0437,68.6489],[57.1269,68.554],[58.173,68.8897],[58.9189,69.0038],[59.3705,68.7384],[59.099,68.4443],[59.8974,68.4219],[60.9336,68.9868],[60.1706,69.5909],[61.0159,69.8515],[63.3614,69.6753],[66.4161,68.9479],[67.0024,68.8736],[67.7308,68.5137],[68.5042,68.3484],[69.1405,68.9506],[68.5428,68.9671],[68.0059,69.48],[67.0645,69.6937],[66.9264,70.0143],[67.2848,70.7387],[66.6661,70.9006],[66.9176,71.2824],[68.2692,71.6828],[69.0391,72.6699],[69.6451,72.8976],[71.5002,72.9137],[72.8121,72.6914],[72.6244,72.0794],[71.912,71.5479],[72.5813,71.1511],[72.7316,70.8229],[72.5297,70.1725],[72.5273,69.0805],[72.8119,68.8152],[73.548,68.5745],[73.1395,68.1813],[73.1521,67.865],[72.5943,67.587],[71.5512,66.7604],[70.9395,66.5481],[69.8771,66.8455],[69.1943,66.5787],[70.3395,66.3424],[71.1455,66.3667],[71.917,66.2467],[72.4174,66.5608],[73.7921,66.9953],[74.0745,67.4141],[74.7695,67.7664],[74.3914,68.4206],[74.5796,68.7512],[76.4592,68.9783],[77.2385,68.4696],[77.1744,67.7785],[77.9951,68.2595],[77.6507,68.903],[76.001,69.2351],[74.8148,69.0906],[73.7757,69.1982],[73.5602,69.7072],[74.3109,70.6536],[73.0862,71.4449],[73.6718,71.8451],[75.7414,72.2962],[75.2475,71.8134],[75.332,71.3417],[76.1104,71.2186],[77.4811,71.3116],[76.3121,71.5955],[76.0324,71.9104],[78.4826,72.395],[79.4221,72.3808],[80.7625,72.0892],[81.5112,71.7461],[82.9861,71.7487],[82.918,71.4199],[82.3229,71.26],[82.8691,70.9548],[83.0302,70.5805],[83.7359,70.5465],[83.1513,71.1036],[83.5713,71.5944],[82.6454,71.9252],[82.1836,72.2375],[80.8271,72.4883],[80.5097,73.0861],[80.5832,73.5685],[83.5447,73.6665],[86.5914,73.8943],[86.6515,74.6824],[87.6714,75.1296],[90.185,75.5911],[93.5498,75.8541],[94.5756,76.1518],[95.9199,76.1131],[96.8792,75.9311],[98.662,76.2427],[98.8057,76.4807],[100.3224,76.4792],[101.0993,76.704],[100.9899,76.9905],[103.1314,77.6265],[104.0146,77.7304],[105.8945,77.4889],[104.9119,77.1747],[105.712,77.0015],[107.4298,76.9266],[108.0279,76.7185],[111.1148,76.723],[112.6195,76.3835],[113.871,75.856],[113.6136,75.293],[111.8683,74.74],[109.8403,74.322],[108.1995,73.6941],[107.2711,73.621],[106.4779,73.1394],[107.7504,73.1731],[109.8553,73.4725],[110.2614,74.0174],[112.1473,73.7089],[114.0605,73.5847],[115.3377,73.7026],[118.4502,73.5898],[118.4303,73.2465],[119.7504,72.9791],[123.1604,72.9549],[123.6223,73.1933],[123.3051,73.5329],[124.3881,73.7548],[125.6171,73.5206],[127.7403,73.4815],[128.8887,73.1902],[129.4117,72.3155],[128.3588,72.0883],[129.7619,71.1195],[131.1574,70.7422],[131.562,70.901],[132.5623,71.8953],[133.4262,71.491],[134.1028,71.379],[135.8848,71.6306],[137.3154,71.3594],[138.1185,71.5662],[139.9842,71.4915],[139.6951,71.7004],[139.8471,72.1486],[139.6012,72.4961],[142.0614,72.7208],[143.5158,72.6982],[145.4857,72.5421],[146.5941,72.3024],[148.4021,72.312],[149.5016,72.1643],[150.5998,71.5201],[151.5824,71.287],[152.5088,70.8345],[153.7941,70.88],[155.8952,71.0955],[158.037,71.0393],[159.3507,70.7907],[160.0064,70.3097],[159.8325,69.785],[160.9107,69.6063],[161.5369,69.3795],[162.3757,69.6491],[164.1596,69.7193],[164.5133,69.6091],[166.8203,69.4996],[167.6281,69.7403],[168.15,69.5774],[168.303,69.2715],[169.3106,69.0795],[169.6099,68.786],[170.5376,68.8254],[170.9954,69.0453],[170.5822,69.5834],[170.4868,70.1076],[172.5596,69.9684],[173.2774,69.8238],[176.1075,69.8603],[176.9244,69.646],[178.8483,69.3872],[180,68.9834],[180,65.0672],[179.4482,64.822],[178.5195,64.603],[177.4672,64.7368],[177.4329,64.4445],[178.6503,63.9653],[178.7064,63.5215],[179.3323,63.1902],[179.5705,62.6875],[179.1207,62.3204],[178.0192,62.547],[177.3513,62.5875],[175.2679,62.1024],[174.5144,61.8236],[173.6234,61.7161],[172.8565,61.4692],[172.3928,61.0618],[170.6082,60.4349],[170.351,59.9655],[169.9826,60.0671],[169.2268,60.5959],[168.1375,60.5739],[166.9641,60.307],[166.136,59.9793],[166.3521,60.4848],[165.0846,60.0986],[163.7801,60.0411],[163.41,59.835],[163.2729,59.3026],[163.0043,59.0202],[162.1416,58.4474],[161.9601,58.0769],[162.467,57.7662],[162.7184,57.9461],[163.2139,57.6868],[162.7793,57.3576],[162.8026,56.8115],[163.2565,56.688],[163.3355,56.2325],[163.0474,56.0447],[162.5282,56.2607],[162.085,56.0896],[161.7294,55.358],[162.1056,54.7521],[161.7257,54.533],[160.7727,54.5414],[160.0744,54.1892],[159.8438,53.7836],[159.8977,53.3808],[158.6088,52.8736],[158.4635,52.305],[158.1035,51.8096],[156.7478,50.9693],[156.5004,51.4751],[156.3647,52.5094],[156.0988,53.0065],[155.9049,53.9281],[155.6203,54.8646],[155.5549,55.3485],[155.7166,56.0722],[155.9825,56.6952],[156.7284,57.1522],[156.9768,57.4663],[156.7916,57.7479],[157.4504,57.7993],[157.6664,58.0198],[158.2104,58.0253],[159.0369,58.4239],[159.5915,58.8037],[159.8474,59.1271],[160.8553,59.6269],[161.7535,60.1523],[162.0036,60.4202],[162.9731,60.7829],[163.71,60.9168],[164.0055,61.3438],[164.2072,62.2922],[164.5983,62.4706],[164.2557,62.6966],[163.3317,62.5509],[163.0093,61.7915],[162.3926,61.6621],[160.7666,60.7533],[159.8831,61.2918],[160.3174,61.7934],[159.5523,61.7195],[159.0767,61.9223],[158.0701,61.7536],[157.4693,61.7989],[156.6803,61.4806],[156.6297,61.2725],[155.8533,60.7771],[154.9708,60.3767],[154.2931,59.8334],[154.5825,59.5401],[155.1667,59.3602],[154.0109,59.0755],[153.3611,59.2148],[152.8822,58.9391],[151.3268,58.8751],[151.1211,59.0825],[151.99,59.1601],[151.4857,59.5241],[150.4572,59.5907],[149.6426,59.7704],[149.205,59.4882],[147.8746,59.388],[147.5145,59.2686],[146.4443,59.4305],[145.9316,59.1984],[145.5546,59.4135],[143.1922,59.3701],[142.0254,58.9997],[141.7547,58.7453],[140.685,58.2122],[140.4469,57.8137],[140.0023,57.6875],[139.4438,57.3297],[138.6621,56.9655],[137.6915,56.1394],[136.1752,55.3522],[135.2625,54.9433],[135.2577,54.7315],[135.8516,54.5839],[136.7973,54.621],[136.683,53.9313],[137.1554,53.8217],[137.3283,53.539],[138.2922,53.5924],[138.6607,53.7448],[138.6957,54.32],[139.3197,54.193],[139.7074,54.2771],[140.3471,53.8126],[141.0057,53.4946],[141.4021,53.184],[141.1698,52.3684],[141.4853,52.1785],[141.3669,51.9207],[140.9326,51.6199],[140.6877,51.2323],[140.4764,50.546],[140.5172,49.5961],[140.1706,48.5237],[139.3727,47.8874],[139.0014,47.3833],[138.5868,47.0572],[138.3369,46.5434],[137.6854,45.8184],[136.8035,45.1711],[136.1423,44.4891],[135.8746,44.3735],[135.4834,43.835],[135.1311,43.5257],[133.7094,42.8299],[133.16,42.697],[132.4813,42.9098],[132.3344,43.2387],[131.7947,43.2553],[131.1583,42.626],[130.6873,42.3025]]],[[[50.2781,80.9272],[51.7036,80.6876],[48.8961,80.3692],[47.6324,80.112],[46.6444,80.3003],[49.1853,80.5586],[50.2781,80.9272]]],[[[67.7653,76.2376],[66.2824,75.9837],[61.356,75.3148],[60.2225,74.7966],[58.5347,74.4989],[58.4414,74.1289],[56.9639,73.3666],[56.4304,73.2972],[55.0068,73.4539],[54.2999,73.351],[53.7629,73.7662],[54.6427,73.9596],[55.5822,74.6277],[56.4987,74.9571],[57.0875,75.3838],[58.8813,75.8548],[61.0539,76.1199],[61.2017,76.282],[62.9715,76.2367],[65.8629,76.6133],[67.535,77.0078],[68.4857,76.9337],[68.8998,76.5729],[67.7653,76.2376]]],[[[55.3198,73.3083],[56.4296,73.2012],[56.0838,72.7894],[55.356,72.4651],[55.2979,71.9354],[56.0432,71.3456],[56.8948,70.927],[57.1459,70.5891],[54.6012,70.6801],[53.7224,70.8145],[53.3639,71.5417],[51.8126,71.4913],[51.4387,71.7768],[51.5825,72.0712],[52.6221,72.301],[53.7532,73.2933],[55.3198,73.3083]]],[[[96.5266,81.0756],[97.8318,80.7983],[97.1752,80.241],[94.565,80.1261],[93.8724,80.0101],[91.5238,80.3585],[93.2625,80.7913],[93.0651,80.9885],[95.8007,81.2805],[96.5266,81.0756]]],[[[97.6745,80.1583],[99.2949,80.0164],[100.0612,79.7771],[99.4396,78.8342],[97.5555,78.8266],[94.6523,79.1275],[94.2188,79.4023],[93.0708,79.4953],[94.9873,80.0968],[97.6745,80.1583]]],[[[102.8848,79.254],[105.146,78.8188],[105.3126,78.4999],[103.7193,78.2583],[101.2041,78.1919],[100.0822,77.975],[100.284,78.6792],[101.5906,79.3504],[102.8848,79.254]]],[[[140.0487,75.829],[140.9441,75.7005],[141.4854,76.1372],[142.4604,75.9036],[143.6858,75.8637],[145.2553,75.5856],[144.8835,75.2689],[144.0197,75.0447],[142.2874,74.8499],[141.9873,74.9913],[139.0991,74.6565],[138.0923,74.7975],[137.0063,75.235],[137.5012,75.9097],[138.814,76.1997],[140.0487,75.829]]],[[[146.7952,75.3708],[150.1039,75.2192],[150.6463,74.9446],[149.5969,74.7726],[148.0924,74.8257],[146.1485,75.1983],[146.7952,75.3708]]],[[[178.8615,70.8264],[178.8911,71.2311],[180,71.5377],[180,70.993],[178.8615,70.8264]]],[[[142.761,54.3939],[142.9762,54.141],[142.918,53.7942],[143.2236,53.296],[143.3236,52.6136],[143.1556,52.0837],[143.4555,51.4715],[143.816,50.2826],[144.2721,49.3113],[143.105,49.1988],[142.5742,48.0722],[142.5569,47.7379],[143.0056,47.2227],[143.2823,46.559],[142.578,46.7008],[142.2086,46.0889],[141.8304,46.4511],[142.0387,47.1403],[141.9641,47.5875],[142.1817,48.0134],[141.8663,48.7501],[142.1423,49.5691],[142.0711,50.515],[142.2067,51.2226],[141.7224,51.7363],[141.6608,52.2729],[141.8033,52.5556],[141.8235,53.3395],[142.5262,53.4475],[142.6702,53.9684],[142.335,54.2807],[142.761,54.3939]]],[[[-178.8765,71.5771],[-177.5322,71.2631],[-177.8218,71.0676],[-179.5067,70.9234],[-180,70.993],[-180,71.1842],[-180,71.3997],[-180,71.5377],[-178.8765,71.5771]]],[[[50.2652,69.1856],[49.6263,68.8597],[48.667,68.7332],[48.2788,69.0403],[48.6313,69.436],[49.2252,69.5112],[50.2652,69.1856]]],[[[62.1678,80.8348],[61.0513,80.4186],[59.3044,80.5215],[59.5923,80.8165],[62.1678,80.8348]]],[[[54.7189,81.116],[57.6941,80.7923],[55.7125,80.6373],[54.0666,80.8136],[54.7189,81.116]]],[[[142.1849,73.8959],[143.3438,73.5688],[143.1933,73.2208],[141.5967,73.3108],[140.6628,73.452],[141.0848,73.8659],[142.1849,73.8959]]],[[[169.2008,69.5805],[167.7889,69.8369],[168.3579,70.0157],[169.3748,69.8826],[169.2008,69.5805]]],[[[163.6352,58.6034],[163.7609,59.015],[164.6293,59.1122],[164.6157,58.8856],[163.6352,58.6034]]],[[[148.5995,45.3176],[147.9138,44.9904],[147.7694,45.1907],[148.5995,45.3176]]],[[[113.3872,74.4004],[112.7824,74.0951],[111.643,74.2729],[112.0845,74.549],[113.3872,74.4004]]],[[[70.6739,73.095],[69.9959,73.3594],[70.9402,73.5144],[71.6262,73.174],[70.6739,73.095]]],[[[60.4505,69.9349],[59.5782,69.7386],[58.9527,69.8928],[58.473,70.2668],[59.0053,70.4652],[60.4505,69.9349]]],[[[21.2357,55.2641],[22.0724,55.0637],[22.5673,55.0591],[22.8313,54.8385],[22.7662,54.3568],[20.2082,54.4208],[19.6044,54.4592],[19.9745,54.9212],[20.5203,54.9949],[21.1889,54.9352],[21.2357,55.2641]]],[[[33.5941,46.0962],[33.66,46.2196],[34.6869,45.977],[35.0017,45.7334],[35.3739,45.3536],[36.1705,45.4531],[36.575,45.3936],[36.3934,45.0654],[35.8701,45.0053],[35.5695,45.1193],[35.0877,44.8026],[34.7169,44.8071],[33.91,44.3876],[33.4507,44.5537],[33.5552,45.0977],[32.9187,45.3481],[32.508,45.4038],[33.6648,45.9471],[33.5941,46.0962]]]]},"properties":{"ADMIN":"Russia","ISO_A2":"RU","ADM0_A3":"RUS"}},{"type":"Feature","geometry":{"type":"Polygon","coordinates":[[[28.2125,45.4504],[28.7607,45.2341],[29.2235,45.4029],[29.7059,45.2599],[29.5575,44.8434],[29.0482,44.7576],[28.6454,44.2957],[28.5854,43.7422],[28.05,43.8224],[27.8843,43.9874],[27.0869,44.1674],[26.2158,44.0073],[25.4971,43.6708],[23.2246,43.8739],[22.7051,44.2378],[22.5023,44.4896],[22.0931,44.5419],[21.3844,44.8701],[21.4918,45.1223],[20.7742,45.4844],[20.775,45.7498],[20.2418,46.1086],[21.152,46.3043],[22.2906,47.7278],[22.8767,47.9473],[23.2026,48.0845],[24.1777,47.9061],[24.5789,47.9311],[24.8934,47.7178],[25.4643,47.9108],[26.1627,47.9925],[26.6189,48.2599],[26.9808,48.155],[27.3369,47.6397],[28.0718,46.9784],[28.2443,46.4513],[28.0997,45.9726],[28.2125,45.4504]]]},"properties":{"ADMIN":"Romania","ISO_A2":"RO","ADM0_A3":"ROU"}},{"type":"Feature","geometry":{"type":"Polygon","coordinates":[[[51.268,24.6072],[50.966,24.5739],[50.8044,24.7893],[50.7629,25.4447],[51.0031,25.9814],[51.2623,26.1533],[51.5431,25.9024],[51.4854,25.5247],[51.602,25.1479],[51.4279,24.6683],[51.268,24.6072]]]},"properties":{"ADMIN":"Qatar","ISO_A2":"QA","ADM0_A3":"QAT"}},{"type":"Feature","geometry":{"type":"Polygon","coordinates":[[[-8.7771,41.9411],[-8.2131,42.1337],[-7.9208,41.8836],[-7.4036,41.8337],[-6.6183,41.9424],[-6.5422,41.6725],[-6.2125,41.532],[-6.9285,41.0091],[-6.8102,40.3431],[-7.0367,39.714],[-7.4451,39.5362],[-7.046,38.907],[-7.343,38.4574],[-7.1854,38.0063],[-7.5035,37.5855],[-7.4062,37.1794],[-7.8341,37.0057],[-8.5977,37.1213],[-8.8142,37.4308],[-8.9148,38.5121],[-9.4741,38.7309],[-9.3748,39.3383],[-9.1483,39.5426],[-8.8866,40.1794],[-8.6556,41.0295],[-8.8108,41.652],[-8.7771,41.9411]]]},"properties":{"ADMIN":"Portugal","ISO_A2":"PT","ADM0_A3":"PRT"}},{"type":"Feature","geometry":{"type":"Polygon","coordinates":[[[23.6053,51.5179],[24.1058,50.845],[23.9727,50.4101],[23.7117,50.3773],[22.6494,49.539],[22.5387,49.0727],[21.6396,49.412],[20.6161,49.3917],[19.8022,49.1923],[19.4416,49.5977],[19.1494,49.4],[18.8322,49.5108],[18.5624,49.8793],[17.8748,49.9723],[17.152,50.3783],[16.6791,50.0975],[16.0072,50.6116],[15.3544,50.8118],[14.8094,50.859],[15.0166,51.2527],[14.6017,51.8324],[14.7525,52.0818],[14.6194,52.5285],[14.1286,52.8782],[14.4146,53.2835],[14.2589,53.7296],[14.2137,53.8708],[14.2114,53.9503],[16.1863,54.2904],[16.5598,54.5538],[17.2619,54.7295],[18.3234,54.8382],[18.6696,54.4309],[18.9763,54.3489],[19.6044,54.4592],[20.2082,54.4208],[22.7662,54.3568],[23.4536,54.1435],[23.4847,53.9398],[23.8871,53.0275],[23.8447,52.6642],[23.4796,52.5516],[23.197,52.2569],[23.6524,52.0404],[23.6053,51.5179]]]},"properties":{"ADMIN":"Poland","ISO_A2":"PL","ADM0_A3":"POL"}},{"type":"Feature","geometry":{"type":"MultiPolygon","coordinates":[[[[121.1016,18.6153],[121.8456,18.2954],[122.2998,18.4028],[122.151,17.7565],[122.2368,17.4349],[122.5191,17.1249],[122.1352,16.1848],[121.5953,15.9333],[121.607,15.6698],[121.3923,15.3244],[121.6954,14.7373],[121.6485,14.4815],[121.8005,14.1139],[122.1997,14.148],[122.4908,14.3224],[122.8561,14.2508],[123.2314,13.7474],[123.4323,13.9663],[123.726,13.8843],[123.6081,13.5281],[124.1428,13.0358],[124.0598,12.5671],[123.6268,12.9118],[123.3109,13.0441],[123.1633,13.4417],[122.5952,13.9076],[122.4069,13.4928],[121.7779,13.9376],[121.2035,13.6403],[120.8407,13.8847],[120.6168,14.188],[120.9221,14.4931],[120.8881,14.7158],[120.0821,14.8511],[119.8308,16.3266],[120.1598,16.0477],[120.3893,16.2216],[120.3053,16.5292],[120.4089,16.9556],[120.3584,17.6382],[120.5997,18.5079],[121.1016,18.6153]]],[[[117.3111,8.4396],[117.3499,8.7136],[117.8848,9.2407],[118.1148,9.3467],[119.0238,10.3536],[119.287,10.574],[119.2611,10.8452],[119.5267,10.9532],[119.6844,10.5517],[119.2848,10.2517],[119.1915,10.0611],[118.7821,9.9161],[118.7738,9.7668],[118.435,9.256],[117.9896,8.8771],[117.3111,8.4396]]],[[[122.4962,11.6151],[123.1583,11.5355],[123.0165,11.1165],[122.7699,10.8238],[122.1977,10.6229],[121.9644,10.8717],[122.1035,11.6429],[122.4962,11.6151]]],[[[123.1309,9.0641],[122.5625,9.4828],[122.4109,9.6939],[122.4715,9.9615],[122.8556,10.0869],[122.817,10.5038],[122.9833,10.8866],[123.2566,10.9939],[123.5676,10.7808],[123.162,9.8643],[123.3084,9.357],[123.1309,9.0641]]],[[[124.5746,11.3431],[124.93,11.3729],[125.0132,10.7857],[125.2533,10.2638],[125.0266,10.0331],[124.7808,10.1681],[124.7867,10.7814],[124.4455,10.9236],[124.5746,11.3431]]],[[[125.2396,12.5279],[125.5356,12.1914],[125.4565,11.9525],[125.6281,11.132],[125.2334,11.1451],[125.0343,11.3413],[124.8843,11.7755],[124.3849,12.244],[124.2947,12.5693],[125.2396,12.5279]]],[[[120.7044,13.4795],[121.2027,13.4323],[121.5228,13.1312],[121.5406,12.6382],[121.2367,12.2188],[120.9222,12.5116],[120.7637,12.9698],[120.5083,13.2601],[120.7044,13.4795]]],[[[126.006,9.3209],[126.1934,9.2767],[126.3195,8.8447],[126.4354,7.8328],[126.5701,7.6772],[126.5815,7.2478],[126.4391,7.0124],[126.0801,6.7334],[125.8244,7.3333],[125.401,6.7958],[125.5885,6.4658],[125.668,5.9787],[125.4559,5.6643],[124.6363,5.9982],[124.0781,6.4044],[123.9853,6.9937],[124.2066,7.3964],[123.9685,7.6646],[123.4931,7.8079],[123.3909,7.4075],[122.4979,7.6728],[122.1762,7.0042],[122.0472,7.3636],[122.1318,7.8105],[122.3371,8.0284],[122.9111,8.1564],[123.0176,8.3983],[123.4346,8.7033],[123.8492,8.4327],[123.8774,8.1888],[124.2258,8.2714],[124.4513,8.6063],[124.7312,8.563],[124.8689,8.9723],[125.5334,9.1409],[125.414,9.6692],[125.5209,9.7591],[126.006,9.3209]]],[[[123.3703,9.4496],[123.3862,9.9671],[123.7114,10.4737],[123.9521,10.3166],[123.6434,10.0202],[123.3703,9.4496]]],[[[124.5938,9.7872],[124.3599,9.6302],[123.9356,9.624],[123.8172,9.8174],[124.1729,10.1352],[124.5771,10.0267],[124.5938,9.7872]]],[[[123.7166,12.2874],[124.0403,11.9668],[123.9827,11.8189],[123.4188,12.1942],[123.7166,12.2874]]],[[[124.3536,13.6322],[124.0389,13.6631],[124.2249,14.0776],[124.4172,13.871],[124.3536,13.6322]]]]},"properties":{"ADMIN":"Philippines","ISO_A2":"PH","ADM0_A3":"PHL"}},{"type":"Feature","geometry":{"type":"Polygon","coordinates":[[[-69.9659,-4.2359],[-70.2392,-4.3012],[-70.4046,-4.1501],[-70.7995,-4.1733],[-70.9737,-4.3505],[-71.8447,-4.5044],[-72.6987,-5.0672],[-72.8871,-5.1228],[-72.9799,-5.6349],[-73.2355,-6.0984],[-73.1374,-6.4658],[-73.7581,-6.9058],[-73.7495,-7.3354],[-74.0021,-7.5561],[-73.5491,-8.3458],[-72.974,-8.9932],[-73.2094,-9.4114],[-72.3791,-9.5102],[-72.1816,-10.0037],[-71.2379,-9.966],[-70.6369,-9.4782],[-70.6423,-11.0103],[-70.2201,-11.0477],[-69.9604,-10.9299],[-69.5786,-10.9518],[-68.6853,-12.502],[-68.9786,-12.8801],[-68.9834,-13.4964],[-69.0741,-13.6828],[-68.8803,-14.1988],[-69.2349,-14.5971],[-69.3747,-14.963],[-69.1725,-15.2366],[-69.4185,-15.6034],[-69.2176,-16.1491],[-68.9135,-16.2619],[-69.0207,-16.6422],[-69.6249,-17.2002],[-69.5109,-17.5061],[-69.8521,-17.7038],[-69.9264,-18.2061],[-70.4183,-18.3456],[-71.337,-17.6825],[-71.5322,-17.2943],[-72.1113,-17.0025],[-72.4677,-16.7081],[-72.7939,-16.6146],[-73.825,-16.1528],[-74.1471,-15.9125],[-75.1042,-15.4119],[-75.5336,-14.8992],[-75.9339,-14.6336],[-76.289,-14.1331],[-76.1839,-13.5152],[-76.8321,-12.3487],[-77.1527,-12.0604],[-77.2203,-11.6634],[-77.6332,-11.2878],[-77.7361,-10.8367],[-78.1856,-10.0891],[-78.7623,-8.617],[-79.0123,-8.2102],[-79.3772,-7.8355],[-79.762,-7.0665],[-80.1103,-6.6496],[-80.8116,-6.2822],[-81.1805,-5.9424],[-80.8827,-5.759],[-81.1085,-5.0278],[-81.3366,-4.6695],[-81.2832,-4.3223],[-80.7986,-3.7311],[-80.3247,-3.3879],[-80.1792,-3.8777],[-80.51,-4.0695],[-80.4885,-4.3937],[-80.1396,-4.2961],[-79.6385,-4.4549],[-79.331,-4.9278],[-79.0763,-4.9906],[-78.8615,-4.665],[-78.4198,-3.7769],[-78.3473,-3.4312],[-77.8606,-2.9816],[-76.6791,-2.5626],[-76.0898,-2.1331],[-75.5706,-1.5312],[-75.2632,-0.5554],[-75.476,-0.1571],[-75.2845,-0.1065],[-74.8018,-0.2001],[-74.4179,-0.5807],[-74.2464,-0.9706],[-73.6643,-1.2488],[-73.4963,-1.6931],[-73.197,-1.8303],[-73.1545,-2.2782],[-72.8872,-2.4085],[-72.3956,-2.4289],[-71.9843,-2.3266],[-71.7525,-2.1527],[-71.397,-2.3341],[-70.9146,-2.2186],[-70.0958,-2.6582],[-70.074,-2.7502],[-70.7351,-3.7815],[-70.3395,-3.8144],[-69.9659,-4.2359]]]},"properties":{"ADMIN":"Peru","ISO_A2":"PE","ADM0_A3":"PER"}},{"type":"Feature","geometry":{"type":"Polygon","coordinates":[[[-58.1598,-20.1646],[-57.8302,-20.9979],[-57.9857,-22.0464],[-57.8203,-22.1423],[-56.9373,-22.2713],[-56.5238,-22.1025],[-56.1898,-22.2812],[-55.8492,-22.3076],[-55.6541,-22.8104],[-55.3663,-23.991],[-54.9827,-23.9745],[-54.6255,-23.8125],[-54.2418,-24.0473],[-54.4731,-25.2202],[-54.6159,-25.5761],[-54.6777,-26.3088],[-54.8255,-26.6522],[-55.1359,-26.9312],[-55.4267,-27.0093],[-55.79,-27.4164],[-56.1641,-27.3215],[-56.4372,-27.5538],[-57.1118,-27.4701],[-58.6417,-27.1961],[-58.1913,-26.63],[-58.203,-26.3814],[-57.8906,-26.0065],[-57.5872,-25.4051],[-57.8217,-25.1364],[-58.3654,-24.9593],[-59.3729,-24.4539],[-59.8925,-24.0936],[-60.8398,-23.8581],[-61.928,-23.0593],[-62.2142,-22.6124],[-62.651,-22.2337],[-62.2767,-21.066],[-62.2763,-20.5625],[-61.9169,-20.0554],[-61.7568,-19.6453],[-60.0074,-19.2976],[-59.0905,-19.2862],[-58.1802,-19.8179],[-58.1598,-20.1646]]]},"properties":{"ADMIN":"Paraguay","ISO_A2":"PY","ADM0_A3":"PRY"}},{"type":"Feature","geometry":{"type":"MultiPolygon","coordinates":[[[[152.9658,-4.7563],[152.6807,-4.4984],[152.5984,-3.9948],[153.0168,-4.1057],[153.1242,-4.2523],[152.9658,-4.7563]]],[[[151.9156,-4.2968],[152.1172,-4.2122],[152.4057,-4.3407],[152.4,-4.7312],[152.0133,-5.0038],[152.143,-5.357],[151.8654,-5.5648],[151.5151,-5.5523],[151.2293,-5.9199],[150.4283,-6.2762],[149.6525,-6.2904],[149.3823,-6.0781],[149.1266,-6.1276],[148.4012,-5.765],[148.3447,-5.5449],[148.9992,-5.4846],[149.2453,-5.573],[150.2987,-5.5356],[150.9529,-5.4237],[151.3266,-4.9604],[151.6712,-4.8833],[151.552,-4.3455],[151.9156,-4.2968]]],[[[140.9762,-9.1187],[140.9752,-6.9054],[140.8623,-6.74],[140.975,-6.3461],[140.9742,-4.2265],[140.9734,-2.6098],[141.1856,-2.6278],[142.2115,-3.0835],[142.9052,-3.3207],[143.509,-3.4312],[144.0158,-3.7836],[144.4777,-3.8253],[145.0878,-4.3491],[145.3346,-4.3853],[145.767,-4.823],[145.8528,-5.4713],[146.4034,-5.6166],[147.0343,-5.9192],[147.3767,-5.9508],[147.8021,-6.3152],[147.8455,-6.6624],[147.1191,-6.7217],[146.9607,-6.9288],[147.19,-7.3781],[147.7243,-7.8763],[148.1268,-8.1036],[148.2469,-8.5543],[148.4512,-8.6945],[148.5831,-9.0518],[149.2477,-9.071],[149.203,-9.4068],[149.7612,-9.8059],[149.8744,-10.013],[150.667,-10.2571],[150.4824,-10.6369],[150.0168,-10.5771],[149.7541,-10.353],[148.3834,-10.1854],[147.7687,-10.0701],[147.4083,-9.6747],[147.0172,-9.3879],[146.9133,-9.0917],[146.6966,-9.0254],[146.0332,-8.0764],[145.7287,-7.9524],[144.9738,-7.8021],[144.5099,-7.5674],[143.6138,-8.2004],[143.0949,-8.3112],[143.3922,-8.8019],[143.3662,-8.961],[142.6472,-9.3278],[142.2296,-9.1699],[141.1332,-9.2213],[140.9762,-9.1187]]],[[[155.9576,-6.6868],[155.7193,-6.8628],[155.344,-6.7217],[155.2021,-6.3076],[154.7819,-5.9707],[154.7411,-5.5453],[154.9971,-5.5399],[155.467,-6.1451],[155.8226,-6.3805],[155.9576,-6.6868]]]]},"properties":{"ADMIN":"Papua New Guinea","ISO_A2":"PG","ADM0_A3":"PNG"}},{"type":"Feature","geometry":{"type":"Polygon","coordinates":[[[-77.3742,8.6583],[-77.4073,8.4272],[-77.2123,8.0339],[-77.3508,7.7059],[-77.7439,7.537],[-77.9012,7.2293],[-78.1701,7.5438],[-78.4216,8.061],[-78.1139,8.3796],[-78.4694,8.4467],[-78.5141,8.6282],[-79.0864,8.9972],[-79.4415,9.006],[-79.6875,8.851],[-79.7504,8.5955],[-80.3687,8.2888],[-80.4581,8.0771],[-80.0752,7.667],[-80.4389,7.275],[-80.8456,7.2201],[-81.0351,7.7111],[-81.5041,7.7212],[-81.7276,8.1375],[-82.6795,8.322],[-82.8793,8.0707],[-82.9976,8.3678],[-82.917,8.7403],[-82.9398,9.4492],[-82.5636,9.5767],[-82.3708,9.4286],[-82.2442,9.0315],[-81.7802,8.9572],[-81.3548,8.7806],[-80.8387,8.8872],[-80.5469,9.0819],[-80.1271,9.2099],[-79.5773,9.5979],[-78.5043,9.4063],[-78.0828,9.2363],[-77.3742,8.6583]]]},"properties":{"ADMIN":"Panama","ISO_A2":"PA","ADM0_A3":"PAN"}},{"type":"Feature","geometry":{"type":"Polygon","coordinates":[[[134.5954,7.382],[134.5063,7.4371],[134.556,7.5939],[134.6596,7.6633],[134.5954,7.382]]]},"properties":{"ADMIN":"Palau","ISO_A2":"PW","ADM0_A3":"PLW"}},{"type":"Feature","geometry":{"type":"Polygon","coordinates":[[[76.7669,35.6617],[77.0486,35.1099],[76.5944,34.7358],[76.041,34.6699],[75.7092,34.5031],[75.1875,34.639],[74.3004,34.7654],[73.9612,34.6535],[73.81,34.3253],[73.9795,34.1913],[74.001,33.7882],[74.15,33.507],[73.9942,33.2422],[74.3036,32.9918],[74.3546,32.7687],[74.6578,32.5189],[75.3335,32.2792],[75.2541,32.1403],[74.7395,31.9488],[74.51,31.7129],[74.6328,31.0347],[74.2156,30.769],[73.8993,30.4354],[73.8092,30.0934],[73.3816,29.9344],[72.9033,29.0288],[72.3419,28.7519],[71.8703,27.9625],[70.7374,27.729],[70.4037,28.025],[70.1445,27.849],[69.8963,27.4736],[69.568,27.1746],[69.47,26.8044],[70.1568,26.4714],[70.0777,26.072],[70.2646,25.7065],[70.6484,25.6669],[70.6521,25.4229],[71.0479,24.6877],[71.044,24.4001],[70.7163,24.238],[70.5468,24.4183],[69.7162,24.1726],[69.5592,24.2731],[68.7281,24.2656],[68.7241,23.9647],[68.165,23.8573],[67.6685,23.811],[67.3094,24.1748],[67.1715,24.7561],[66.703,24.8609],[66.6986,25.2263],[66.4286,25.5753],[65.6797,25.3553],[64.7767,25.3073],[64.659,25.1841],[63.7209,25.3859],[63.4914,25.2108],[62.5725,25.2547],[62.3153,25.1349],[61.5879,25.2023],[61.6687,25.769],[61.8698,26.2424],[62.2394,26.357],[62.4393,26.561],[63.1681,26.6656],[63.1668,27.2525],[62.763,27.2502],[62.7397,28.0021],[62.353,28.4147],[61.8898,28.5465],[61.623,28.7916],[61.3184,29.3726],[60.8434,29.8587],[62.4766,29.4084],[63.5676,29.498],[64.0987,29.3919],[64.5211,29.5645],[65.0955,29.5595],[66.1771,29.8356],[66.3972,30.9122],[66.9243,31.3056],[67.2873,31.2178],[67.5782,31.5065],[68.214,31.8074],[68.5977,31.803],[68.8689,31.6342],[69.2793,31.9368],[69.2414,32.4335],[69.5016,33.0201],[69.9201,33.1125],[70.2842,33.369],[69.8681,33.8977],[69.9947,34.0518],[70.4157,33.9504],[71.0516,34.0497],[70.9656,34.5304],[71.6205,35.183],[71.4275,35.8337],[71.1851,36.0421],[71.6205,36.4365],[72.6229,36.8296],[73.7691,36.8885],[74.0019,36.8231],[74.5414,37.0222],[75.3467,36.9135],[75.4242,36.7382],[75.8402,36.6497],[75.9744,36.3824],[75.9451,36.0176],[76.2517,35.8109],[76.7669,35.6617]]]},"properties":{"ADMIN":"Pakistan","ISO_A2":"PK","ADM0_A3":"PAK"}},{"type":"Feature","geometry":{"type":"MultiPolygon","coordinates":[[[[53.0856,16.6484],[52.7292,17.3004],[51.9776,18.9961],[53.6669,19.5591],[54.9773,19.9959],[55.641,22.0019],[55.1858,22.7041],[55.1999,23.0348],[55.7608,24.2427],[55.7957,24.8681],[56.0639,24.7388],[56.388,24.9792],[56.6406,24.4703],[57.2198,23.9228],[57.6113,23.8037],[58.578,23.6435],[59.5352,22.5785],[59.8232,22.509],[59.8,22.2199],[59.3715,21.4988],[58.8957,21.1128],[58.4742,20.4069],[58.209,20.424],[57.8618,20.2441],[57.7151,19.6069],[57.8116,19.0171],[57.1766,18.9026],[56.6551,18.5874],[56.5508,18.166],[56.2703,17.9508],[55.4791,17.8433],[55.2554,17.5856],[55.2956,17.3816],[55.0642,17.0389],[54.0682,17.0055],[53.6099,16.76],[53.0856,16.6484]]],[[[56.2979,25.6507],[56.0805,26.0626],[56.4298,26.3272],[56.2979,25.6507]]]]},"properties":{"ADMIN":"Oman","ISO_A2":"OM","ADM0_A3":"OMN"}},{"type":"Feature","geometry":{"type":"MultiPolygon","coordinates":[[[[20.6222,69.0369],[19.9698,68.3564],[18.3786,68.5624],[17.9167,67.9649],[17.3246,68.1038],[16.1274,67.4258],[16.4035,67.055],[15.4229,66.4898],[15.4838,66.306],[14.5433,66.1293],[14.4797,65.3015],[13.6503,64.5815],[14.0776,64.464],[13.9605,64.014],[13.2996,64.0748],[12.6625,63.9405],[11.9999,63.2917],[12.2182,63.0006],[12.1146,62.5919],[12.3035,62.2856],[12.1554,61.7208],[12.8808,61.3523],[12.683,61.0468],[12.2941,61.0027],[12.5887,60.4507],[12.4861,60.1068],[11.9321,59.8637],[11.6808,59.5923],[11.7981,59.2899],[11.3883,59.0365],[10.8345,59.1839],[9.6185,58.946],[8.1661,58.1453],[7.0049,58.0242],[5.7068,58.5236],[5.5173,58.7265],[5.8543,58.9595],[5.8452,59.3535],[5.1316,59.2265],[5.3049,59.6426],[5.1192,59.8337],[5.244,60.5696],[5.0491,60.7075],[4.9278,61.7107],[5.5333,62.3109],[6.3529,62.6111],[7.2838,62.6023],[7.0085,62.9577],[8.1006,63.091],[8.3981,63.5351],[8.8424,63.6459],[9.6969,63.6246],[9.708,63.8649],[10.5656,64.4183],[11.2254,64.6795],[11.3499,64.9059],[12.1597,65.179],[12.2729,65.5682],[12.9761,66.0192],[13.1047,66.5394],[14.755,67.499],[14.7989,67.8093],[15.316,68.0688],[16.0646,68.1999],[16.6519,68.6258],[17.3908,68.7994],[18.1015,69.1563],[18.2932,69.4751],[18.9911,69.5611],[19.1973,69.7479],[20.0689,69.8834],[21.1631,69.8895],[21.4004,70.1745],[22.6846,70.3748],[23.0465,70.1019],[24.42,70.702],[24.658,71.001],[25.7682,70.8532],[27.5971,71.0913],[29.1023,70.8607],[30.9441,70.2744],[29.6014,69.9768],[29.7921,69.7279],[30.8697,69.7834],[28.9658,69.022],[29.3334,69.473],[29.1416,69.6714],[27.8899,70.0617],[26.5254,69.915],[26.0115,69.6526],[25.7483,68.9901],[24.9414,68.5933],[23.854,68.8059],[23.324,68.649],[22.4109,68.7199],[21.6218,69.2707],[20.6222,69.0369]]],[[[19.2551,70.0664],[19.5923,69.9702],[18.7848,69.579],[18.3493,69.7679],[19.2551,70.0664]]],[[[17.503,69.5962],[17.9507,69.1981],[16.9718,69.1379],[17.503,69.5962]]],[[[21.6081,78.5957],[23.1167,77.9915],[24.2383,77.8985],[23.8412,77.4978],[22.8018,77.2758],[22.0568,77.5012],[21.6084,77.9161],[20.2279,78.4778],[21.6081,78.5957]]],[[[20.8979,80.25],[22.4508,80.4022],[26.8608,80.16],[27.1986,79.9066],[25.6412,79.403],[23.9478,79.1943],[20.8611,79.3979],[18.725,79.7607],[18.3438,80.0596],[20.8979,80.25]]],[[[16.7867,79.9067],[18.5814,79.5716],[19.0895,79.157],[20.4582,79.1292],[21.3888,78.7404],[19.7688,78.6227],[18.4393,78.025],[18.2279,77.5226],[17.6233,77.3994],[16.7005,76.5793],[14.3658,77.2345],[14.0042,77.4452],[14.9208,77.6888],[13.6806,78.0281],[14.9947,78.1512],[14.6383,78.4146],[13.1502,78.2375],[11.7738,78.7164],[11.2081,79.1296],[10.8659,79.7966],[12.7535,79.7758],[13.3836,79.4808],[15.8161,79.6818],[16.7867,79.9067]]]]},"properties":{"ADMIN":"Norway","ISO_A2":"-99","ADM0_A3":"NOR"}},{"type":"Feature","geometry":{"type":"Polygon","coordinates":[[[128.3746,38.6234],[128.039,38.3085],[127.1695,38.3045],[126.6339,37.7818],[125.9417,37.8737],[125.4493,37.7302],[125.1932,38.0378],[124.6909,38.1292],[125.0674,38.5567],[125.4097,39.2884],[125.3608,39.5266],[124.5574,39.7906],[124.3621,40.0041],[124.8894,40.4598],[125.9891,40.9046],[126.4904,41.3581],[126.6013,41.641],[126.9035,41.7811],[127.1797,41.5313],[128.1494,41.3877],[128.2909,41.5628],[128.0452,41.9875],[128.9234,42.0382],[129.3137,42.4136],[129.7197,42.475],[129.8982,42.9981],[130.2403,42.8918],[130.527,42.5354],[130.6873,42.3025],[130.4575,42.3017],[129.7563,41.7123],[129.7087,40.8573],[128.3045,40.0359],[127.5682,39.782],[127.3945,39.2079],[127.7861,39.0841],[128.3746,38.6234]]]},"properties":{"ADMIN":"North Korea","ISO_A2":"KP","ADM0_A3":"PRK"}},{"type":"Feature","geometry":{"type":"Polygon","coordinates":[[[13.6063,13.7046],[14.064,13.0785],[14.1975,12.3838],[14.5189,12.2982],[14.6271,12.1087],[14.5598,11.4923],[13.8921,11.1401],[13.5354,10.6051],[13.4146,10.1714],[13.2699,10.0362],[13.1755,9.5396],[12.9295,9.4263],[12.8065,8.8866],[12.4035,8.5956],[12.2334,8.2823],[12.016,7.5897],[11.7674,7.2723],[11.5517,6.6973],[11.1533,6.4379],[11.0325,6.6979],[10.6063,7.0631],[10.4823,6.8913],[10.1436,6.9964],[9.7799,6.7602],[9.66,6.532],[9.0602,6.0091],[8.801,5.1975],[8.5559,4.7552],[8.2931,4.5576],[7.1547,4.5144],[6.757,4.3436],[6.0766,4.2906],[5.5878,4.6472],[5.2324,5.4838],[4.861,6.0263],[4.4313,6.3486],[4.1259,6.4114],[2.7064,6.3692],[2.7746,6.7117],[2.686,7.8737],[2.7748,9.0485],[3.0449,9.0838],[3.3252,9.7785],[3.5572,9.9073],[3.5766,10.2684],[3.8345,10.6074],[3.7164,11.0796],[3.4878,11.3954],[3.5954,11.6963],[3.6467,12.53],[3.9479,12.775],[4.1476,13.4577],[4.4214,13.6475],[4.8233,13.7598],[5.2419,13.7572],[5.492,13.8729],[6.3863,13.6036],[6.9372,13.0082],[7.3578,13.1072],[7.7887,13.3379],[8.095,13.2912],[8.7506,12.9082],[9.6159,12.8106],[10.1847,13.2701],[10.9589,13.3715],[11.4119,13.3536],[12.4632,13.0938],[12.6548,13.3266],[13.3238,13.6709],[13.6063,13.7046]]]},"properties":{"ADMIN":"Nigeria","ISO_A2":"NG","ADM0_A3":"NGA"}},{"type":"Feature","geometry":{"type":"Polygon","coordinates":[[[13.6063,13.7046],[13.3238,13.6709],[12.6548,13.3266],[12.4632,13.0938],[11.4119,13.3536],[10.9589,13.3715],[10.1847,13.2701],[9.6159,12.8106],[8.7506,12.9082],[8.095,13.2912],[7.7887,13.3379],[7.3578,13.1072],[6.9372,13.0082],[6.3863,13.6036],[5.492,13.8729],[5.2419,13.7572],[4.8233,13.7598],[4.4214,13.6475],[4.1476,13.4577],[3.9479,12.775],[3.6467,12.53],[3.5954,11.6963],[2.8781,12.3677],[2.366,12.2219],[2.3892,11.8971],[2.0914,12.278],[2.2263,12.4661],[1.9562,12.7074],[1.5649,12.6354],[0.9873,13.0419],[0.9777,13.552],[0.6182,13.7034],[0.3825,14.2458],[0.1639,14.4972],[0.2175,14.9115],[0.9601,14.9869],[1.3002,15.2723],[3.5043,15.3563],[3.877,15.7553],[4.1213,16.3577],[4.2347,16.9964],[4.2276,19.1428],[5.8366,19.4792],[7.4817,20.8731],[9.3787,21.9914],[10.4144,22.602],[11.9679,23.5179],[13.4813,23.1802],[14.2308,22.6185],[14.979,22.9962],[15.1723,21.9221],[15.1818,21.5234],[15.6073,20.9544],[15.5871,20.7333],[15.9488,20.3032],[15.7351,19.9041],[15.6376,18.8108],[15.4743,16.9084],[14.368,15.7501],[13.8071,14.9661],[13.4482,14.3807],[13.6063,13.7046]]]},"properties":{"ADMIN":"Niger","ISO_A2":"NE","ADM0_A3":"NER"}},{"type":"Feature","geometry":{"type":"Polygon","coordinates":[[[-83.1575,14.9931],[-83.2992,14.749],[-83.1877,14.3401],[-83.4123,13.9965],[-83.5673,13.3203],[-83.5109,12.4118],[-83.7693,11.9316],[-83.6518,11.642],[-83.8679,11.3],[-83.642,10.9172],[-83.8112,10.7433],[-84.1684,10.7804],[-84.3483,10.9799],[-84.7012,11.0522],[-84.9092,10.9453],[-85.6214,11.1845],[-85.7443,11.0621],[-85.9611,11.3313],[-86.4689,11.7383],[-86.7556,12.1566],[-87.6675,12.9036],[-87.3373,12.9792],[-87.0592,12.9915],[-86.7107,13.3134],[-86.7336,13.7635],[-86.3317,13.7701],[-86.1512,13.9946],[-85.7867,13.8444],[-85.1795,14.3433],[-84.9852,14.7524],[-84.6459,14.6611],[-83.8673,14.7945],[-83.415,15.0081],[-83.1575,14.9931]]]},"properties":{"ADMIN":"Nicaragua","ISO_A2":"NI","ADM0_A3":"NIC"}},{"type":"Feature","geometry":{"type":"MultiPolygon","coordinates":[[[[173.1153,-41.2793],[173.7379,-40.989],[174.3025,-41.0195],[174.0924,-41.5052],[174.2831,-41.7406],[173.5451,-42.518],[173.2212,-42.9766],[172.7186,-43.2588],[172.9206,-43.8914],[172.3853,-43.8296],[171.4426,-44.1358],[171.2311,-44.5212],[171.1133,-45.0393],[170.7006,-45.6843],[169.6866,-46.5517],[169.0986,-46.6307],[168.3821,-46.6054],[168.1892,-46.3622],[167.6822,-46.193],[166.7315,-46.1979],[166.836,-45.7745],[166.734,-45.5436],[167.1945,-44.9635],[167.787,-44.595],[168.3666,-44.082],[168.8064,-43.992],[169.6615,-43.5912],[170.3028,-43.1076],[170.7416,-42.9273],[171.257,-42.4653],[171.4862,-41.7947],[172.0107,-41.4447],[172.1395,-40.9473],[172.6406,-40.5183],[172.9887,-40.8482],[173.1153,-41.2793]]],[[[173.2694,-34.9348],[173.8439,-35.0263],[174.3203,-35.2467],[174.5435,-35.582],[174.391,-35.7737],[174.8021,-36.3095],[174.7225,-36.8412],[175.2995,-36.9933],[175.4608,-36.4757],[175.8762,-36.9577],[176.1084,-37.6451],[176.77,-37.8896],[177.3359,-37.9908],[178.0092,-37.5549],[178.5362,-37.6921],[178.2677,-38.5512],[177.9762,-38.7223],[177.9656,-39.1425],[177.4075,-39.0812],[176.9541,-39.3676],[177.1099,-39.6731],[176.8422,-40.1578],[175.9829,-41.2133],[175.3098,-41.6106],[175.1656,-41.4174],[174.6354,-41.2895],[175.1625,-40.6216],[175.2541,-40.2894],[175.0093,-39.9521],[173.9344,-39.5091],[173.8443,-39.1394],[174.3984,-38.9626],[174.5974,-38.7851],[174.7153,-38.2256],[174.928,-37.8045],[174.7292,-37.4487],[174.782,-36.9437],[174.4756,-36.9419],[174.4469,-36.4509],[173.9451,-36.1759],[173.1167,-35.2053],[173.2694,-34.9348]]]]},"properties":{"ADMIN":"New Zealand","ISO_A2":"NZ","ADM0_A3":"NZL"}},{"type":"Feature","geometry":{"type":"Polygon","coordinates":[[[-169.8034,-19.083],[-169.9038,-19.1379],[-169.9483,-19.0729],[-169.834,-18.966],[-169.8034,-19.083]]]},"properties":{"ADMIN":"Niue","ISO_A2":"NU","ADM0_A3":"NIU"}},{"type":"Feature","geometry":{"type":"Polygon","coordinates":[[[-159.7405,-21.2492],[-159.8396,-21.2381],[-159.832,-21.2005],[-159.7684,-21.1885],[-159.7405,-21.2492]]]},"properties":{"ADMIN":"Cook Islands","ISO_A2":"CK","ADM0_A3":"COK"}},{"type":"Feature","geometry":{"type":"MultiPolygon","coordinates":[[[[5.9939,50.7504],[5.8271,51.1256],[5.5088,51.275],[4.5034,51.4747],[4.2262,51.3865],[3.5869,51.4539],[4.4828,52.3092],[4.6783,52.8098],[6.0622,53.4071],[6.8162,53.4412],[7.1973,53.2823],[7.0352,52.3802],[6.7418,51.9109],[5.9485,51.7624],[6.1933,51.4889],[5.8947,50.9842],[5.9939,50.7504]]],[[[4.2262,51.3865],[3.9021,51.2077],[3.3501,51.3777],[4.2262,51.3865]]]]},"properties":{"ADMIN":"Netherlands","ISO_A2":"NL","ADM0_A3":"NLD"}},{"type":"Feature","geometry":{"type":"Polygon","coordinates":[[[-69.8991,12.452],[-69.9422,12.4385],[-70.0661,12.547],[-69.9731,12.5676],[-69.8991,12.452]]]},"properties":{"ADMIN":"Aruba","ISO_A2":"AW","ADM0_A3":"ABW"}},{"type":"Feature","geometry":{"type":"Polygon","coordinates":[[[-68.7511,12.0598],[-68.8033,12.0455],[-68.9951,12.1418],[-69.1538,12.2984],[-69.0768,12.342],[-69.0131,12.2313],[-68.8274,12.1585],[-68.7511,12.0598]]]},"properties":{"ADMIN":"Curaçao","ISO_A2":"CW","ADM0_A3":"CUW"}},{"type":"Feature","geometry":{"type":"Polygon","coordinates":[[[88.1098,27.8706],[87.9844,27.1339],[88.1615,26.7248],[88.0549,26.43],[87.2874,26.3603],[87.0164,26.5554],[86.7014,26.4351],[86.3661,26.5744],[85.7373,26.6397],[85.5685,26.8398],[85.293,26.741],[84.6854,27.041],[84.6102,27.2987],[84.091,27.4914],[83.8288,27.3778],[83.2897,27.371],[82.7334,27.519],[81.9877,27.9138],[81.8526,27.8671],[81.1689,28.335],[80.587,28.6496],[80.0707,28.8302],[80.4019,29.7303],[81.0103,30.1645],[81.4172,30.3376],[82.0434,30.3268],[82.159,30.1152],[82.8543,29.6834],[83.1555,29.6126],[83.5835,29.1836],[84.1014,29.22],[84.2287,28.9118],[84.7143,28.5956],[85.1591,28.5922],[85.1225,28.316],[85.6783,28.2774],[86.4087,27.9287],[86.5545,28.0852],[87.1414,27.8383],[88.1098,27.8706]]]},"properties":{"ADMIN":"Nepal","ISO_A2":"NP","ADM0_A3":"NPL"}},{"type":"Feature","geometry":{"type":"Polygon","coordinates":[[[166.9584,-0.5166],[166.9164,-0.5465],[166.9136,-0.4991],[166.9584,-0.5166]]]},"properties":{"ADMIN":"Nauru","ISO_A2":"NR","ADM0_A3":"NRU"}},{"type":"Feature","geometry":{"type":"Polygon","coordinates":[[[23.3807,-17.6406],[24.2749,-17.4811],[24.9324,-17.5435],[25.2588,-17.7936],[24.9091,-17.8214],[24.5306,-18.0527],[24.359,-17.9782],[23.5806,-18.4529],[23.2986,-18.0273],[23.0999,-18.0096],[22.0114,-18.1986],[20.9741,-18.3188],[20.9774,-20.5603],[20.971,-22.0002],[19.9773,-22.0002],[19.9785,-23.1025],[19.9805,-24.7768],[19.9805,-26.5312],[19.9805,-28.4513],[19.6715,-28.5039],[19.0261,-28.9279],[18.3108,-28.8862],[17.4479,-28.6981],[17.3857,-28.3532],[17.0563,-28.0311],[16.7558,-28.4521],[16.4476,-28.6176],[15.719,-27.9658],[15.3415,-27.3865],[14.9678,-26.3181],[14.8452,-25.7257],[14.8371,-25.0332],[14.5016,-24.202],[14.4738,-23.2812],[14.4033,-22.9681],[14.526,-22.7025],[14.3219,-22.1899],[13.9732,-21.7676],[13.4506,-20.9167],[13.1684,-20.1847],[13.0421,-20.0282],[12.4582,-18.9268],[12.0957,-18.5409],[11.7759,-18.0018],[11.7431,-17.2492],[12.014,-17.1686],[12.5481,-17.2127],[13.1012,-16.9677],[13.4037,-17.0078],[13.938,-17.3888],[16.5311,-17.3908],[18.3964,-17.3994],[18.7181,-17.7032],[19.0765,-17.8177],[20.393,-17.8874],[20.6251,-17.9967],[21.4169,-18.0007],[23.3807,-17.6406]]]},"properties":{"ADMIN":"Namibia","ISO_A2":"NA","ADM0_A3":"NAM"}},{"type":"Feature","geometry":{"type":"Polygon","coordinates":[[[31.2879,-22.4021],[32.3711,-21.3349],[32.4776,-20.713],[32.6726,-20.5161],[33.0067,-19.8738],[32.7776,-19.3888],[32.7165,-19.0019],[32.9931,-18.3596],[32.948,-16.7123],[32.2433,-16.4487],[31.9398,-16.4288],[31.6876,-16.2142],[31.2362,-16.0236],[30.4378,-15.9953],[30.3961,-15.6431],[30.2318,-14.9903],[31.7289,-14.4961],[33.2018,-14.0134],[33.6364,-14.5682],[34.3325,-14.4086],[34.5053,-14.5981],[34.5408,-15.2973],[34.2482,-15.8875],[34.3955,-16.1992],[35.2904,-17.097],[35.1672,-16.5603],[35.3585,-16.1605],[35.7553,-16.0583],[35.8303,-15.4189],[35.8472,-14.6709],[35.2475,-13.8969],[34.8505,-13.516],[34.5637,-13.3602],[34.4829,-12.6668],[34.3608,-12.2105],[34.6596,-11.5887],[34.9595,-11.5781],[35.631,-11.582],[35.7854,-11.4529],[36.1913,-11.6707],[36.5187,-11.7162],[36.9789,-11.567],[37.5417,-11.6751],[37.9202,-11.2947],[38.4918,-11.4133],[38.7947,-11.2289],[39.3216,-11.1226],[39.9887,-10.8208],[40.4636,-10.4644],[40.5445,-11.0656],[40.4028,-11.332],[40.5315,-12.0046],[40.6399,-14.39],[40.8182,-14.4676],[40.8352,-14.7915],[40.6178,-15.1155],[40.559,-15.4734],[40.1088,-15.9793],[39.8446,-16.4356],[39.2423,-16.7926],[39.0844,-16.9729],[38.1449,-17.2428],[37.2445,-17.7399],[36.5401,-18.5182],[36.4037,-18.7697],[36.125,-18.8424],[35.6513,-19.1639],[35.3653,-19.4939],[34.9479,-19.8127],[34.7558,-19.822],[34.6981,-20.4044],[34.9823,-20.8062],[35.2677,-21.651],[35.3157,-22.3969],[35.5754,-22.9631],[35.3704,-23.7982],[35.4381,-24.1712],[35.156,-24.5414],[34.6073,-24.8213],[33.3475,-25.2609],[32.7922,-25.6443],[32.5904,-26.0041],[32.9336,-26.2523],[32.8861,-26.8493],[32.1129,-26.8395],[31.9482,-25.9576],[31.9858,-24.4606],[31.7996,-23.8922],[31.5456,-23.4823],[31.2879,-22.4021]]]},"properties":{"ADMIN":"Mozambique","ISO_A2":"MZ","ADM0_A3":"MOZ"}},{"type":"Feature","geometry":{"type":"Polygon","coordinates":[[[-2.2196,35.1042],[-1.7956,34.7519],[-1.7069,34.1761],[-1.6792,33.3187],[-1.51,32.8776],[-1.0655,32.4683],[-1.2753,32.089],[-2.4484,32.13],[-2.9309,32.0425],[-3.0174,31.8343],[-3.8268,31.6619],[-3.8334,31.1978],[-3.9854,30.9135],[-4.3229,30.6989],[-4.9683,30.4654],[-5.4488,29.9569],[-6.5009,29.8091],[-6.6354,29.5688],[-7.0949,29.6252],[-7.6852,29.3495],[-8.6599,28.7186],[-8.6834,27.6564],[-8.7539,27.191],[-9.413,27.0885],[-9.7354,26.8609],[-10.2515,26.8609],[-10.9228,27.0104],[-11.3926,26.8834],[-11.3379,26.6334],[-11.7182,26.1041],[-12.0308,26.0309],[-12.4312,24.8307],[-13.061,24.401],[-13.311,23.9811],[-13.7709,23.7906],[-14.021,23.4107],[-14.2212,22.3102],[-14.6309,21.8609],[-14.8408,21.4508],[-15.7509,21.4908],[-17.0031,21.4207],[-16.9309,21.9],[-16.7933,22.1597],[-16.5144,22.3335],[-16.2103,23.0979],[-15.5863,24.0728],[-15.0389,24.5488],[-14.8561,24.8716],[-14.7949,25.4042],[-14.4139,26.2537],[-13.5758,26.7351],[-13.176,27.6557],[-12.9489,27.9142],[-11.9861,28.1293],[-11.4302,28.382],[-11.081,28.7138],[-10.4865,29.0649],[-9.8526,29.8092],[-9.6671,30.1093],[-9.6529,30.4476],[-9.8755,30.7179],[-9.8087,31.4246],[-9.3475,32.0864],[-9.2459,32.5725],[-8.5963,33.1872],[-8.3012,33.3744],[-7.5624,33.6403],[-6.901,33.969],[-6.3531,34.7761],[-5.9248,35.7858],[-5.3974,35.9299],[-5.1054,35.4678],[-4.8372,35.2813],[-4.33,35.1615],[-3.6933,35.28],[-2.8399,35.1278],[-2.2196,35.1042]]]},"properties":{"ADMIN":"Morocco","ISO_A2":"MA","ADM0_A3":"MAR"}},{"type":"Feature","geometry":{"type":"Polygon","coordinates":[[[-8.6834,27.6564],[-8.6834,27.2859],[-8.6822,25.9955],[-10.5625,25.9955],[-12.0163,25.9954],[-12.0234,23.4676],[-12.6204,23.2713],[-13.0315,23.0002],[-13.1665,22.7532],[-13.0943,22.496],[-13.0162,21.3339],[-15.2312,21.3313],[-16.9646,21.3292],[-17.048,20.8062],[-17.0031,21.4207],[-15.7509,21.4908],[-14.8408,21.4508],[-14.6309,21.8609],[-14.2212,22.3102],[-14.021,23.4107],[-13.7709,23.7906],[-13.311,23.9811],[-13.061,24.401],[-12.4312,24.8307],[-12.0308,26.0309],[-11.7182,26.1041],[-11.3379,26.6334],[-11.3926,26.8834],[-10.9228,27.0104],[-10.2515,26.8609],[-9.7354,26.8609],[-9.413,27.0885],[-8.7539,27.191],[-8.6834,27.6564]]]},"properties":{"ADMIN":"Western Sahara","ISO_A2":"EH","ADM0_A3":"SAH"}},{"type":"Feature","geometry":{"type":"Polygon","coordinates":[[[19.1943,43.5333],[19.5516,43.2123],[20.3443,42.8279],[20.064,42.5473],[19.6545,42.6286],[19.2807,42.1726],[19.3424,41.8691],[18.8942,42.2495],[18.5175,42.4329],[18.4363,42.5597],[18.4438,42.9685],[18.9402,43.4967],[19.1943,43.5333]]]},"properties":{"ADMIN":"Montenegro","ISO_A2":"ME","ADM0_A3":"MNE"}},{"type":"Feature","geometry":{"type":"Polygon","coordinates":[[[87.8143,49.1623],[88.1926,49.4517],[88.8316,49.4484],[89.6541,49.7175],[89.6438,49.903],[91.8043,50.6936],[94.2511,50.5564],[94.6147,50.0237],[95.5227,49.9112],[95.852,50.0129],[96.315,49.9011],[96.9857,49.8828],[97.2086,49.7308],[98.1034,50.0778],[98.2795,50.5333],[97.8253,50.9853],[97.9469,51.3484],[98.8486,52.0701],[99.9217,51.7555],[100.5362,51.7135],[101.3813,51.4526],[102.1115,51.3535],[102.2884,50.5851],[102.6833,50.3872],[103.6329,50.1386],[105.3836,50.4737],[106.2179,50.3046],[106.7111,50.3126],[107.2333,49.9894],[107.9479,49.9247],[108.0338,49.594],[108.6137,49.3228],[109.2367,49.3349],[110.1999,49.1704],[110.8279,49.1662],[111.3366,49.3559],[112.0797,49.4242],[113.0556,49.6163],[113.1642,49.7972],[114.2971,50.2744],[114.7432,50.2337],[115.2745,49.9489],[115.7178,49.8806],[116.1346,50.0108],[116.6833,49.8238],[115.9538,48.6894],[115.5576,47.945],[115.8982,47.6869],[116.2312,47.8582],[116.7605,47.8698],[117.3508,47.6522],[117.7684,47.9879],[118.4984,47.984],[119.7111,47.15],[119.8979,46.8578],[119.7066,46.606],[118.3087,46.717],[117.3334,46.362],[116.5626,46.2898],[116.2406,45.796],[115.6811,45.4583],[114.5172,45.3646],[114.0303,44.9426],[113.587,44.7457],[112.5968,44.9177],[112.4113,45.0582],[111.898,45.0641],[111.6213,44.8271],[111.4022,44.3673],[111.9332,43.7114],[111.0072,43.3414],[110.4004,42.7737],[109.4432,42.456],[108.1712,42.4473],[106.77,42.2887],[105.1971,41.738],[105.0506,41.6159],[104.4982,41.6587],[104.4982,41.877],[103.7111,41.7513],[103.0729,42.006],[101.9729,42.2159],[101.7139,42.4658],[99.9838,42.6773],[99.4679,42.5682],[97.2057,42.7898],[96.3854,42.7204],[95.9125,43.2065],[95.3503,44.2781],[94.712,44.3508],[93.6564,44.901],[92.7879,45.0357],[91.5844,45.0765],[90.8772,45.1961],[90.6618,45.5252],[91.0018,46.0358],[91.0339,46.529],[90.8699,46.9545],[90.4962,47.2852],[90.3133,47.6762],[89.5609,48.004],[89.0477,48.0025],[88.5171,48.3845],[87.9797,48.5551],[87.7432,48.8816],[87.8143,49.1623]]]},"properties":{"ADMIN":"Mongolia","ISO_A2":"MN","ADM0_A3":"MNG"}},{"type":"Feature","geometry":{"type":"Polygon","coordinates":[[[26.6189,48.2599],[26.8471,48.3872],[27.5492,48.4777],[28.327,48.1614],[28.7738,48.1196],[29.1948,47.8824],[29.1598,47.4557],[29.5493,47.2468],[29.572,46.964],[29.8778,46.8289],[29.8379,46.3505],[29.1463,46.5269],[28.9274,46.4241],[28.9478,46.05],[28.2125,45.4504],[28.0997,45.9726],[28.2443,46.4513],[28.0718,46.9784],[27.3369,47.6397],[26.9808,48.155],[26.6189,48.2599]]]},"properties":{"ADMIN":"Moldova","ISO_A2":"MD","ADM0_A3":"MDA"}},{"type":"Feature","geometry":{"type":"Polygon","coordinates":[[[7.4387,43.7504],[7.3777,43.7317],[7.4145,43.7709],[7.4387,43.7504]]]},"properties":{"ADMIN":"Monaco","ISO_A2":"MC","ADM0_A3":"MCO"}},{"type":"Feature","geometry":{"type":"Polygon","coordinates":[[[-117.1283,32.5334],[-114.7248,32.7153],[-114.8359,32.5083],[-112.939,31.9163],[-111.042,31.3242],[-108.2145,31.3294],[-108.2118,31.7793],[-106.4532,31.7702],[-106.2557,31.5447],[-104.9179,30.5834],[-104.6813,29.9905],[-104.4006,29.5737],[-103.9897,29.3231],[-103.2577,29.0011],[-102.892,29.2164],[-102.7342,29.6439],[-102.2689,29.8712],[-101.4404,29.7769],[-100.6586,29.0686],[-100.296,28.3277],[-99.7542,27.7299],[-99.5053,27.5483],[-99.4436,27.0367],[-99.1078,26.4469],[-98.0828,26.0645],[-97.3582,25.8705],[-97.1462,25.9615],[-97.2249,25.5854],[-97.5071,25.0146],[-97.6677,24.39],[-97.7659,23.3062],[-97.7452,22.9424],[-97.8578,22.6245],[-97.6375,21.6037],[-97.1214,20.615],[-96.4561,19.8698],[-96.2896,19.3438],[-95.8211,18.7546],[-95.1818,18.7007],[-94.7981,18.5146],[-94.5462,18.1749],[-94.189,18.1953],[-93.5523,18.4305],[-92.8848,18.4687],[-92.7101,18.6117],[-91.9738,18.7159],[-91.803,18.4706],[-91.534,18.4565],[-91.2752,18.6245],[-91.3431,18.9006],[-90.7393,19.3522],[-90.6932,19.7299],[-90.5071,19.9119],[-90.4841,20.5563],[-90.3531,21.0094],[-89.8198,21.2746],[-88.8787,21.4141],[-88.1316,21.6159],[-87.2509,21.447],[-87.0348,21.5922],[-86.8241,21.4217],[-86.8647,20.8851],[-87.2212,20.5073],[-87.4672,20.1021],[-87.4248,19.5834],[-87.7618,18.4461],[-88.1968,18.7197],[-88.2957,18.4724],[-88.523,18.4459],[-88.8063,17.9655],[-89.1615,17.8148],[-90.9892,17.8164],[-90.993,17.2524],[-91.4096,17.2559],[-90.7107,16.7081],[-90.417,16.391],[-90.4472,16.0727],[-91.7366,16.0702],[-92.1872,15.3209],[-92.0748,15.0742],[-92.2352,14.5454],[-92.8089,15.1386],[-93.9161,16.0536],[-94.3742,16.2848],[-94.6615,16.2019],[-94.9004,16.4175],[-95.4644,15.9747],[-96.2136,15.6931],[-96.5108,15.6519],[-97.1847,15.9093],[-97.7548,15.9668],[-98.139,16.2063],[-98.5203,16.3048],[-98.7622,16.5348],[-99.6907,16.7196],[-100.0245,16.9205],[-100.8478,17.2005],[-101.6003,17.6516],[-101.8471,17.9223],[-102.6996,18.0628],[-103.4416,18.3254],[-103.9125,18.8285],[-104.9385,19.3094],[-105.4821,19.9761],[-105.6694,20.3856],[-105.2602,20.5791],[-105.4924,20.7766],[-105.2371,21.1192],[-105.2087,21.4908],[-105.4314,21.6183],[-105.6491,21.9881],[-105.6455,22.3269],[-105.7918,22.6275],[-106.4022,23.1956],[-106.9355,23.8813],[-107.5272,24.3601],[-107.9512,24.6149],[-108.3737,25.1943],[-109.0288,25.4805],[-109.385,25.7271],[-109.4256,26.0326],[-109.1997,26.3052],[-109.4829,26.7104],[-109.7548,26.7029],[-109.944,27.0793],[-110.4778,27.3227],[-110.6155,27.6539],[-110.5299,27.8642],[-111.1214,27.967],[-111.4717,28.384],[-111.6801,28.4706],[-112.1618,29.0189],[-112.2235,29.2695],[-112.7384,29.9854],[-113.1104,30.7933],[-113.0467,31.1792],[-113.6235,31.3459],[-113.9478,31.6293],[-114.1493,31.5074],[-114.8395,31.7985],[-114.8819,31.1564],[-114.6333,30.5069],[-114.6498,30.2381],[-114.3726,29.8302],[-113.7555,29.3675],[-113.4997,28.9267],[-113.2056,28.7988],[-112.8708,28.4242],[-112.734,27.826],[-112.3292,27.5234],[-112.0091,26.9671],[-111.5697,26.7076],[-111.3321,26.1254],[-111.2916,25.7898],[-111.0344,25.527],[-110.6772,24.7885],[-110.7345,24.5898],[-110.547,24.2142],[-110.0228,24.1746],[-109.4208,23.4801],[-109.4581,23.2147],[-109.9234,22.8859],[-110.086,23.0055],[-110.3627,23.6049],[-111.4193,24.329],[-112.0726,24.84],[-112.0558,25.4882],[-112.1738,25.9126],[-112.3772,26.2139],[-113.0208,26.5833],[-113.2058,26.857],[-113.5985,26.7213],[-113.841,26.9665],[-114.4453,27.2182],[-114.5399,27.4311],[-114.9935,27.736],[-114.3006,27.873],[-114.0485,28.4262],[-114.1455,28.6054],[-114.9935,29.3844],[-115.6738,29.7564],[-115.8156,30.3036],[-115.9958,30.4145],[-116.0622,30.8042],[-116.6622,31.5649],[-116.6208,31.8511],[-116.848,31.9974],[-117.1283,32.5334]]]},"properties":{"ADMIN":"Mexico","ISO_A2":"MX","ADM0_A3":"MEX"}},{"type":"Feature","geometry":{"type":"Polygon","coordinates":[[[57.6513,-20.4849],[57.3857,-20.2286],[57.5758,-19.9972],[57.792,-20.2126],[57.6513,-20.4849]]]},"properties":{"ADMIN":"Mauritius","ISO_A2":"MU","ADM0_A3":"MUS"}},{"type":"Feature","geometry":{"type":"Polygon","coordinates":[[[-12.2806,14.809],[-12.8585,15.2425],[-13.258,15.7004],[-13.4097,16.0592],[-13.8685,16.1481],[-14.3001,16.5803],[-14.5337,16.656],[-15.1126,16.6449],[-15.6208,16.5066],[-16.1684,16.5471],[-16.441,16.2045],[-16.5353,15.8384],[-16.5357,16.2868],[-16.3467,16.9264],[-16.0789,17.5459],[-16.0303,17.8879],[-16.085,18.5212],[-16.2131,19.0033],[-16.5145,19.362],[-16.2834,19.7872],[-16.2104,20.2279],[-16.4298,20.6523],[-16.6225,20.6342],[-16.8761,21.0861],[-17.048,20.8062],[-16.9646,21.3292],[-15.2312,21.3313],[-13.0162,21.3339],[-13.0943,22.496],[-13.1665,22.7532],[-13.0315,23.0002],[-12.6204,23.2713],[-12.0234,23.4676],[-12.0163,25.9954],[-10.5625,25.9955],[-8.6822,25.9955],[-8.6834,27.2859],[-6.4267,25.9588],[-4.8226,24.9956],[-6.5941,24.9946],[-6.3966,23.2748],[-6.1973,21.5342],[-6.0834,20.5395],[-5.8841,18.7989],[-5.6287,16.5687],[-5.3599,16.2829],[-5.5125,15.4963],[-7.7634,15.4961],[-9.1768,15.4961],[-9.9414,15.3738],[-10.6966,15.4227],[-10.8956,15.1505],[-11.5027,15.6368],[-11.7602,15.4255],[-11.8729,14.9952],[-12.2806,14.809]]]},"properties":{"ADMIN":"Mauritania","ISO_A2":"MR","ADM0_A3":"MRT"}},{"type":"Feature","geometry":{"type":"Polygon","coordinates":[[[14.5662,35.8527],[14.4364,35.8217],[14.3523,35.8723],[14.4483,35.9574],[14.5662,35.8527]]]},"properties":{"ADMIN":"Malta","ISO_A2":"MT","ADM0_A3":"MLT"}},{"type":"Feature","geometry":{"type":"Polygon","coordinates":[[[-11.3894,12.4044],[-11.3904,12.942],[-11.635,13.3699],[-12.0542,13.6331],[-12.0192,14.2065],[-12.2284,14.4586],[-12.2806,14.809],[-11.8729,14.9952],[-11.7602,15.4255],[-11.5027,15.6368],[-10.8956,15.1505],[-10.6966,15.4227],[-9.9414,15.3738],[-9.1768,15.4961],[-7.7634,15.4961],[-5.5125,15.4963],[-5.3599,16.2829],[-5.6287,16.5687],[-5.8841,18.7989],[-6.0834,20.5395],[-6.1973,21.5342],[-6.3966,23.2748],[-6.5941,24.9946],[-4.8226,24.9956],[-3.5854,24.1954],[-1.293,22.6965],[0.3444,21.626],[1.1455,21.1022],[1.1657,20.8174],[1.6106,20.5556],[1.6854,20.3784],[2.2193,20.2478],[2.4062,20.0639],[3.2037,19.7897],[3.2559,19.4109],[3.1061,19.1501],[3.4009,18.9884],[4.2276,19.1428],[4.2347,16.9964],[4.1213,16.3577],[3.877,15.7553],[3.5043,15.3563],[1.3002,15.2723],[0.9601,14.9869],[0.2175,14.9115],[-0.2359,15.0594],[-0.7604,15.0478],[-1.0496,14.8195],[-1.7678,14.486],[-1.973,14.4565],[-2.1132,14.1685],[-2.4572,14.2741],[-2.8739,13.9507],[-2.9171,13.6795],[-3.1984,13.6729],[-3.3018,13.2808],[-3.5758,13.1942],[-4.0512,13.3824],[-4.3287,13.119],[-4.2271,12.7937],[-4.4806,12.6722],[-4.4287,12.3376],[-4.7979,12.0321],[-5.2881,11.8279],[-5.2999,11.206],[-5.4905,11.0424],[-5.5235,10.426],[-5.8438,10.3896],[-6.0346,10.1948],[-6.2611,10.7241],[-6.5646,10.5864],[-6.6933,10.3495],[-7.1049,10.2035],[-7.6611,10.4274],[-7.9906,10.1625],[-8.2315,10.438],[-8.3374,10.9906],[-8.6639,11.0358],[-8.4075,11.3863],[-8.822,11.6732],[-8.8183,11.9225],[-9.0431,12.4023],[-9.8207,12.0425],[-10.2749,12.2126],[-10.6773,11.8994],[-10.9332,12.2052],[-11.3052,12.0154],[-11.3894,12.4044]]]},"properties":{"ADMIN":"Mali","ISO_A2":"ML","ADM0_A3":"MLI"}},{"type":"Feature","geometry":{"type":"Polygon","coordinates":[[[73.5122,4.1646],[73.473,4.1707],[73.5041,4.2346],[73.5283,4.2433],[73.5122,4.1646]]]},"properties":{"ADMIN":"Maldives","ISO_A2":"MV","ADM0_A3":"MDV"}},{"type":"Feature","geometry":{"type":"MultiPolygon","coordinates":[[[[100.1191,6.442],[100.3454,6.5499],[100.7938,6.4262],[101.0535,6.2426],[101.0756,5.9565],[101.257,5.7894],[101.5561,5.9078],[101.8736,5.8253],[102.1011,6.2422],[102.3401,6.172],[102.5344,5.8625],[102.9824,5.525],[103.4158,4.8503],[103.4688,4.3933],[103.362,3.7691],[103.4535,3.5206],[103.4395,2.9331],[103.8122,2.5805],[104.2885,1.4807],[103.6945,1.4497],[103.3568,1.5461],[102.7271,1.8556],[102.1456,2.2485],[101.7813,2.5736],[101.2955,2.8852],[101.2999,3.2533],[100.7154,3.9662],[100.6146,4.6522],[100.3526,5.5877],[100.3433,5.9842],[100.1191,6.442]]],[[[117.5744,4.1706],[117.1006,4.3371],[115.8962,4.3487],[115.5685,3.9388],[115.5661,3.4458],[115.4544,3.0343],[115.0863,2.8411],[115.1791,2.5232],[114.7864,2.2505],[114.8306,1.98],[114.5459,1.4671],[113.9023,1.4343],[113.6223,1.2359],[113.0065,1.4339],[112.943,1.567],[112.4762,1.5591],[112.1857,1.4391],[112.0785,1.1434],[111.7697,0.9995],[110.9381,1.0173],[110.5058,0.862],[109.654,1.6149],[109.6289,2.0275],[109.9846,1.7176],[110.3492,1.7197],[110.9399,1.5173],[111.1542,1.7388],[111.2682,2.1397],[111.2422,2.4357],[111.7277,2.8538],[112.7373,3.0705],[113.0447,3.2052],[113.4461,3.7406],[113.9239,4.2432],[114.0639,4.5927],[114.6083,4.024],[114.8402,4.3932],[114.7467,4.7181],[115.0268,4.8997],[115.14,4.8998],[115.5198,5.0489],[115.419,5.4132],[115.7969,5.5361],[116.1384,6.1295],[116.4947,6.5217],[116.7498,6.9771],[116.9133,6.6597],[117.1285,6.9689],[117.294,6.6769],[117.6457,6.4737],[117.6172,5.9407],[118.0038,6.0533],[118.1158,5.8625],[118.5948,5.5921],[119.2234,5.4126],[119.1322,5.1005],[118.6721,4.9641],[118.3818,5.0185],[118.1854,4.8285],[118.5625,4.5021],[118.498,4.3624],[118.0082,4.2502],[117.741,4.3375],[117.5744,4.1706]]]]},"properties":{"ADMIN":"Malaysia","ISO_A2":"MY","ADM0_A3":"MYS"}},{"type":"Feature","geometry":{"type":"Polygon","coordinates":[[[33.2018,-14.0134],[32.9921,-14.0222],[32.6721,-13.6104],[32.9676,-13.225],[33.0216,-12.6305],[33.3979,-12.4898],[33.2523,-12.1126],[33.2264,-11.5349],[33.3798,-11.1579],[33.2613,-10.8934],[33.6591,-10.5905],[33.351,-9.8622],[32.9199,-9.4074],[34.3209,-9.7315],[34.5242,-10.0302],[34.6671,-10.7925],[34.6079,-11.0805],[34.9595,-11.5781],[34.6596,-11.5887],[34.3608,-12.2105],[34.4829,-12.6668],[34.5637,-13.3602],[34.8505,-13.516],[35.2475,-13.8969],[35.8472,-14.6709],[35.8303,-15.4189],[35.7553,-16.0583],[35.3585,-16.1605],[35.1672,-16.5603],[35.2904,-17.097],[34.3955,-16.1992],[34.2482,-15.8875],[34.5408,-15.2973],[34.5053,-14.5981],[34.3325,-14.4086],[33.6364,-14.5682],[33.2018,-14.0134]]]},"properties":{"ADMIN":"Malawi","ISO_A2":"MW","ADM0_A3":"MWI"}},{"type":"Feature","geometry":{"type":"Polygon","coordinates":[[[49.5383,-12.4321],[49.9375,-13.0723],[50.1738,-14.0402],[50.2354,-14.732],[50.4827,-15.3856],[50.209,-15.9604],[49.8926,-15.4577],[49.6499,-15.567],[49.7128,-16.0768],[49.8311,-16.2559],[49.7672,-16.8151],[49.5396,-17.0329],[49.4371,-17.3467],[49.4778,-17.8985],[49.0601,-19.1196],[48.607,-20.4575],[48.3508,-21.349],[47.9084,-22.4658],[47.558,-23.8746],[47.1773,-24.7872],[46.7285,-25.1499],[46.1587,-25.2304],[45.508,-25.5632],[45.1152,-25.5431],[44.8129,-25.3342],[44.3459,-25.2261],[44.0354,-24.9957],[43.6875,-24.3579],[43.6461,-23.7419],[43.7223,-23.5297],[43.5695,-23.0805],[43.3979,-22.8863],[43.2666,-22.0493],[43.5019,-21.3564],[43.8002,-21.1792],[43.9111,-20.8658],[44.2396,-20.3797],[44.4047,-19.9221],[44.4488,-19.4287],[44.2388,-19.0752],[44.2331,-18.7406],[44.04,-18.2885],[43.9794,-17.3916],[44.4214,-16.7026],[44.4762,-16.2173],[44.9092,-16.1745],[45.1668,-15.9828],[45.5982,-15.9926],[45.7002,-15.8138],[46.3314,-15.7137],[46.4751,-15.5135],[47.8115,-14.5448],[47.7733,-14.3699],[47.9955,-13.9604],[48.7965,-13.2675],[48.9104,-12.9358],[48.8996,-12.4585],[49.207,-12.0796],[49.5383,-12.4321]]]},"properties":{"ADMIN":"Madagascar","ISO_A2":"MG","ADM0_A3":"MDG"}},{"type":"Feature","geometry":{"type":"Polygon","coordinates":[[[21.5625,42.2475],[22.344,42.314],[22.8368,41.9936],[23.0057,41.7169],[22.916,41.3363],[22.7248,41.1785],[21.9295,41.1074],[21.5758,40.8689],[20.9643,40.8499],[20.7408,40.9053],[20.489,41.2726],[20.5662,41.8737],[21.0598,42.1713],[21.5625,42.2475]]]},"properties":{"ADMIN":"North Macedonia","ISO_A2":"MK","ADM0_A3":"MKD"}},{"type":"Feature","geometry":{"type":"Polygon","coordinates":[[[6.1165,50.121],[6.4873,49.7985],[6.3443,49.4527],[5.7897,49.5383],[5.744,49.9196],[6.1165,50.121]]]},"properties":{"ADMIN":"Luxembourg","ISO_A2":"LU","ADM0_A3":"LUX"}},{"type":"Feature","geometry":{"type":"Polygon","coordinates":[[[22.7662,54.3568],[22.8313,54.8385],[22.5673,55.0591],[22.0724,55.0637],[21.2357,55.2641],[21.0461,56.0701],[22.0846,56.4067],[23.8127,56.3292],[24.1207,56.2643],[24.903,56.3982],[25.0699,56.2004],[25.5857,56.1302],[26.5936,55.6675],[26.1752,55.0033],[25.8593,54.9193],[25.5474,54.3318],[24.7682,53.9747],[23.4847,53.9398],[23.4536,54.1435],[22.7662,54.3568]]]},"properties":{"ADMIN":"Lithuania","ISO_A2":"LT","ADM0_A3":"LTU"}},{"type":"Feature","geometry":{"type":"Polygon","coordinates":[[[9.5803,47.0574],[9.4877,47.0623],[9.5275,47.2708],[9.5803,47.0574]]]},"properties":{"ADMIN":"Liechtenstein","ISO_A2":"LI","ADM0_A3":"LIE"}},{"type":"Feature","geometry":{"type":"Polygon","coordinates":[[[9.5188,30.2294],[9.895,30.3873],[10.2164,30.7832],[10.1149,31.4638],[10.8264,32.0807],[11.505,32.4137],[11.5046,33.1819],[12.2799,32.8585],[12.7535,32.8011],[13.2835,32.9146],[14.2371,32.6813],[14.5134,32.5111],[15.1766,32.3912],[15.3591,32.1597],[15.4964,31.6568],[15.706,31.4264],[16.123,31.2645],[16.7815,31.2147],[17.3492,31.0815],[18.1904,30.7773],[18.9364,30.2904],[19.2917,30.2881],[19.7133,30.4884],[20.151,31.0786],[19.9264,31.8175],[20.1215,32.2188],[20.6211,32.5802],[21.6359,32.9373],[22.1874,32.9183],[23.0906,32.6188],[23.2863,32.2138],[23.7977,32.1587],[24.1297,32.0092],[24.6839,32.016],[25.025,31.8834],[25.1505,31.655],[24.8527,31.3348],[24.9739,30.7766],[24.7265,30.2506],[24.9803,29.1819],[24.9803,27.8345],[24.9803,26.038],[24.9803,23.7924],[24.9803,21.9959],[24.9795,20.0026],[23.9803,19.9959],[23.9803,19.4966],[22.5431,20.2063],[20.6268,21.1526],[18.2313,22.3355],[15.9841,23.4452],[14.979,22.9962],[14.2308,22.6185],[13.4813,23.1802],[11.9679,23.5179],[11.5369,24.2908],[10.6861,24.5514],[10.2559,24.591],[10.0281,25.051],[10.0007,25.3321],[9.4482,26.0671],[9.4914,26.3337],[9.8594,26.552],[9.8944,26.8479],[9.7476,27.3309],[9.916,27.7857],[9.8156,28.5602],[9.8426,28.967],[9.6727,29.567],[9.3103,30.1152],[9.5188,30.2294]]]},"properties":{"ADMIN":"Libya","ISO_A2":"LY","ADM0_A3":"LBY"}},{"type":"Feature","geometry":{"type":"Polygon","coordinates":[[[-11.5075,6.9065],[-11.2677,7.2326],[-10.6475,7.7594],[-10.2832,8.4852],[-9.7683,8.5346],[-9.5183,8.3461],[-9.3689,7.6396],[-9.4598,7.4425],[-9.1176,7.2159],[-8.8896,7.2627],[-8.7083,7.6589],[-8.4864,7.5585],[-8.2966,7.074],[-8.3326,6.8016],[-8.6036,6.5078],[-8.2039,6.2907],[-7.8886,6.2349],[-7.7965,5.9751],[-7.4544,5.8413],[-7.4298,5.3245],[-7.5689,5.0807],[-7.545,4.3513],[-8.259,4.59],[-9.1322,5.0546],[-10.2764,6.0776],[-10.7856,6.3102],[-10.849,6.4651],[-11.2916,6.6882],[-11.5075,6.9065]]]},"properties":{"ADMIN":"Liberia","ISO_A2":"LR","ADM0_A3":"LBR"}},{"type":"Feature","geometry":{"type":"Polygon","coordinates":[[[28.7369,-30.102],[28.3921,-30.1476],[28.0182,-30.6423],[27.7531,-30.6],[27.3885,-30.3159],[27.0518,-29.6641],[27.2945,-29.5193],[27.7355,-28.94],[28.6258,-28.5817],[29.3014,-29.0898],[29.3907,-29.2697],[29.098,-29.919],[28.7369,-30.102]]]},"properties":{"ADMIN":"Lesotho","ISO_A2":"LS","ADM0_A3":"LSO"}},{"type":"Feature","geometry":{"type":"Polygon","coordinates":[[[35.9763,34.6292],[36.433,34.6135],[36.585,34.2212],[35.9424,33.6676],[35.8407,33.4157],[35.4112,33.0757],[35.1086,33.0837],[35.6118,34.0322],[35.6479,34.2482],[35.9763,34.6292]]]},"properties":{"ADMIN":"Lebanon","ISO_A2":"LB","ADM0_A3":"LBN"}},{"type":"Feature","geometry":{"type":"Polygon","coordinates":[[[26.5936,55.6675],[25.5857,56.1302],[25.0699,56.2004],[24.903,56.3982],[24.1207,56.2643],[23.8127,56.3292],[22.0846,56.4067],[21.0461,56.0701],[21.0713,56.8237],[21.3508,57.0177],[21.7287,57.571],[22.5546,57.7243],[23.6478,56.971],[24.4032,57.325],[24.3226,57.8706],[25.111,58.0634],[25.9911,57.8382],[26.5326,57.531],[27.352,57.5281],[27.7969,57.3169],[27.8061,56.8671],[28.1031,56.5457],[28.1479,56.1429],[27.5768,55.7988],[27.0525,55.8306],[26.5936,55.6675]]]},"properties":{"ADMIN":"Latvia","ISO_A2":"LV","ADM0_A3":"LVA"}},{"type":"Feature","geometry":{"type":"Polygon","coordinates":[[[102.1274,22.3792],[102.9486,21.5698],[102.8512,21.2659],[103.1045,20.8916],[103.6351,20.6971],[104.0521,20.9412],[104.5832,20.6467],[104.6188,20.3745],[104.9279,20.0181],[104.5463,19.6105],[104.032,19.6751],[103.8964,19.34],[104.7165,18.8034],[105.1151,18.6789],[105.0858,18.4501],[105.4582,18.1543],[105.6914,17.7378],[106.5022,16.9541],[106.6961,16.459],[107.3964,16.043],[107.1896,15.7473],[107.6531,15.2552],[107.4804,14.9799],[107.5194,14.7051],[106.8199,14.3147],[106.5015,14.5782],[105.9789,14.343],[106.1247,14.0491],[105.9045,13.9245],[105.1833,14.3462],[105.4756,14.5301],[105.5132,15.3609],[105.6221,15.7],[105.4063,15.9875],[105.0472,16.1603],[104.7506,16.6476],[104.816,17.3003],[104.4281,17.699],[103.9496,18.319],[103.367,18.4233],[103.0514,18.0285],[102.6606,17.818],[102.1015,18.2106],[101.1052,17.4795],[100.9085,17.5839],[101.1133,18.0335],[101.0506,18.407],[101.2863,18.9771],[101.1547,19.5792],[100.6255,19.4999],[100.3977,19.7561],[100.5431,20.0887],[100.318,20.3859],[100.1225,20.3167],[100.2493,20.7303],[100.7566,21.3126],[101.1389,21.5675],[101.2244,21.2237],[101.7048,21.1501],[101.7365,21.8265],[101.5245,22.2537],[101.6715,22.4623],[102.1274,22.3792]]]},"properties":{"ADMIN":"Laos","ISO_A2":"LA","ADM0_A3":"LAO"}},{"type":"Feature","geometry":{"type":"Polygon","coordinates":[[[70.958,40.2389],[71.3047,40.2869],[71.6925,40.1523],[72.1313,40.4386],[72.3577,40.4017],[73.1129,40.786],[72.6204,40.8838],[71.7925,41.4131],[71.4084,41.136],[70.7824,41.2625],[70.181,41.5714],[70.8419,42.0196],[70.9468,42.2487],[71.2566,42.7335],[71.8168,42.8222],[73.2829,42.5041],[73.5563,43.0028],[74.2091,43.2404],[75.0477,42.9044],[75.6356,42.8146],[75.7896,42.9329],[78.5242,42.8646],[79.1648,42.759],[79.4901,42.4576],[79.9211,42.4131],[80.2094,42.19],[80.2162,42.0324],[79.2936,41.7828],[78.3624,41.3716],[78.1234,41.0756],[77.5817,40.9928],[76.824,40.9823],[76.4802,40.4495],[75.872,40.3032],[75.5835,40.6053],[75.0045,40.4495],[74.4119,40.1372],[73.9916,40.0431],[73.9146,39.6065],[73.6316,39.4489],[73.235,39.3746],[72.0428,39.3521],[71.4043,39.5979],[70.7331,39.4133],[70.6078,39.5644],[69.5988,39.5738],[69.2291,39.7611],[69.5303,40.0973],[69.9668,40.2022],[70.4514,40.0492],[70.958,40.2389]]]},"properties":{"ADMIN":"Kyrgyzstan","ISO_A2":"KG","ADM0_A3":"KGZ"}},{"type":"Feature","geometry":{"type":"Polygon","coordinates":[[[48.4425,28.5429],[47.6713,28.5332],[47.4332,28.9896],[46.5314,29.0962],[46.9059,29.5375],[47.1144,29.9613],[47.6728,30.0956],[47.9787,29.9828],[47.9696,29.6167],[48.1838,28.9794],[48.4425,28.5429]]]},"properties":{"ADMIN":"Kuwait","ISO_A2":"KW","ADM0_A3":"KWT"}},{"type":"Feature","geometry":{"type":"Polygon","coordinates":[[[20.3443,42.8279],[20.624,43.0342],[21.057,43.0917],[21.3906,42.7514],[21.7529,42.6698],[21.5625,42.2475],[21.0598,42.1713],[20.5662,41.8737],[20.4854,42.2234],[20.064,42.5473],[20.3443,42.8279]]]},"properties":{"ADMIN":"Kosovo","ISO_A2":"-99","ADM0_A3":"KOS"}},{"type":"Feature","geometry":{"type":"Polygon","coordinates":[[[-157.3421,1.8556],[-157.2461,1.7317],[-157.4201,1.7875],[-157.3421,1.8556]]]},"properties":{"ADMIN":"Kiribati","ISO_A2":"KI","ADM0_A3":"KIR"}},{"type":"Feature","geometry":{"type":"Polygon","coordinates":[[[33.9032,-1.0021],[33.9432,0.1738],[34.1609,0.6052],[34.4817,1.0421],[34.7876,1.2307],[34.9652,1.6434],[34.9641,2.0624],[34.7425,2.8181],[34.4479,3.1635],[34.3929,3.6915],[34.165,3.813],[33.9761,4.2202],[35.2684,5.4923],[35.745,5.344],[35.7631,4.808],[36.0819,4.4497],[36.9056,4.4115],[38.0861,3.6488],[39.4944,3.4561],[39.8422,3.8515],[40.7652,4.273],[41.2209,3.9436],[41.884,3.9777],[41.3418,3.2017],[40.9645,2.8146],[40.97,1.3782],[40.9787,-0.8703],[41.5219,-1.5723],[41.5327,-1.6953],[41.3869,-1.867],[40.9955,-1.9506],[40.8982,-2.2699],[40.6441,-2.5395],[40.2225,-2.6884],[40.1154,-3.2506],[39.4909,-4.4784],[39.2218,-4.6924],[37.7973,-3.6744],[37.6087,-3.4603],[37.6438,-3.0454],[36.4764,-2.3936],[34.9843,-1.5605],[33.9032,-1.0021]]]},"properties":{"ADMIN":"Kenya","ISO_A2":"KE","ADM0_A3":"KEN"}},{"type":"Feature","geometry":{"type":"Polygon","coordinates":[[[70.9468,42.2487],[70.416,42.0786],[70.0956,41.8205],[69.0649,41.3669],[68.9869,41.205],[68.2919,40.6561],[68.0477,40.8093],[67.9357,41.1966],[66.8143,41.1424],[66.6687,41.2708],[66.4986,41.9949],[66.0096,42.0049],[66.1003,42.9908],[65.803,42.877],[65.4962,43.3105],[64.9055,43.7147],[64.4432,43.5512],[63.207,43.628],[61.9902,43.4921],[61.1607,44.1686],[61.0079,44.3938],[58.5553,45.5554],[55.9757,44.9949],[55.9768,42.6995],[55.9774,41.3222],[55.5452,41.2627],[55.2496,41.4581],[54.9037,41.9191],[54.121,42.3352],[53.2501,42.2059],[52.4938,41.7804],[52.4621,42.1006],[52.6184,42.4282],[52.5966,42.7602],[51.8441,42.9104],[51.616,43.1584],[51.2954,43.1741],[51.3018,43.4824],[50.8308,44.1928],[50.3312,44.3255],[50.4095,44.624],[50.8604,44.6288],[51.0403,44.9803],[51.4157,45.3579],[52.5311,45.3986],[52.7738,45.5728],[53.1353,46.1917],[53.1702,46.669],[52.916,46.9544],[52.4832,46.9907],[52.1888,46.8395],[51.178,47.1102],[50.4193,46.8795],[49.9998,46.6343],[49.3475,46.5191],[49.2322,46.3372],[48.6102,46.5665],[48.9594,46.7746],[48.5525,47.321],[48.11,47.7454],[47.4819,47.8039],[47.0933,47.9477],[47.0043,48.2845],[46.6609,48.4123],[46.7026,48.8056],[47.0143,49.0983],[46.8021,49.3671],[46.992,49.8527],[47.3265,50.2735],[47.7058,50.378],[48.4343,49.8285],[48.8433,50.0131],[48.7005,50.3538],[48.8084,50.6013],[49.3234,50.8517],[49.498,51.0836],[50.2469,51.2895],[50.7939,51.7292],[51.6091,51.484],[52.3311,51.6813],[52.5712,51.4816],[53.3381,51.4824],[54.0415,51.1152],[54.4215,50.7803],[54.7271,50.9981],[55.5423,50.6018],[55.7977,50.6021],[56.4914,51.0195],[57.0117,51.0652],[57.4422,50.8889],[57.8389,51.0917],[58.3592,51.0638],[58.8837,50.6944],[59.8124,50.582],[59.9552,50.7993],[60.638,50.6637],[61.3895,50.861],[61.5851,51.2297],[61.3631,51.4419],[60.4647,51.6512],[60.0655,51.9765],[60.9376,52.2806],[60.8023,52.7447],[61.0475,52.9725],[61.9742,52.9438],[62.0146,53.1079],[61.1992,53.2872],[60.9795,53.6217],[61.3337,54.0493],[61.9287,53.9465],[63.0739,54.1052],[64.4612,54.3842],[65.1578,54.3644],[65.477,54.6233],[66.2227,54.6674],[68.0738,54.9596],[68.2063,55.1609],[68.9772,55.3896],[69.4933,55.3569],[70.1824,55.1625],[70.7381,55.3052],[71.1855,54.5993],[71.0932,54.2122],[72.0045,54.2057],[72.9141,54.1073],[73.3994,53.8115],[73.2857,53.5984],[74.452,53.6473],[75.0521,53.8267],[76.2666,54.312],[76.789,54.3219],[76.5757,53.9425],[77.7044,53.3792],[78.4755,52.6384],[79.4688,51.4931],[79.9862,50.7746],[80.4236,50.9463],[80.448,51.1834],[80.8773,51.2814],[81.3883,50.9565],[81.4659,50.7398],[82.4939,50.7276],[82.7608,50.8934],[83.3573,50.9946],[83.9451,50.7747],[84.2578,50.2882],[84.9895,50.0614],[85.2102,49.6648],[86.1809,49.4993],[86.6143,49.6097],[87.3229,49.0858],[86.7531,49.0088],[86.5494,48.5286],[85.7494,48.3851],[85.526,47.9156],[85.6566,47.2546],[84.7861,46.8307],[84.6666,46.9724],[84.016,46.9705],[83.1931,47.1866],[83.0041,47.0335],[82.5551,46.1587],[82.3267,45.5199],[82.4787,45.1236],[81.6021,45.3108],[80.0592,45.0064],[80.4555,44.7461],[80.3553,44.0973],[80.7857,43.1616],[80.165,42.6655],[80.2094,42.19],[79.9211,42.4131],[79.4901,42.4576],[79.1648,42.759],[78.5242,42.8646],[75.7896,42.9329],[75.6356,42.8146],[75.0477,42.9044],[74.2091,43.2404],[73.5563,43.0028],[73.2829,42.5041],[71.8168,42.8222],[71.2566,42.7335],[70.9468,42.2487]]]},"properties":{"ADMIN":"Kazakhstan","ISO_A2":"KZ","ADM0_A3":"KAZ"}},{"type":"Feature","geometry":{"type":"Polygon","coordinates":[[[35.7873,32.7349],[36.3721,32.3869],[36.8184,32.3173],[38.7735,33.3722],[39.1454,32.1245],[38.9623,31.9949],[36.9586,31.4915],[37.9801,30.5],[37.6336,30.3133],[37.4692,29.9951],[36.7553,29.866],[36.4761,29.4951],[36.0154,29.1905],[34.9508,29.3535],[34.9734,29.555],[35.174,30.5239],[35.4393,31.1324],[35.4506,31.4793],[35.559,31.7655],[35.5515,32.3955],[35.7873,32.7349]]]},"properties":{"ADMIN":"Jordan","ISO_A2":"JO","ADM0_A3":"JOR"}},{"type":"Feature","geometry":{"type":"MultiPolygon","coordinates":[[[[143.8243,44.117],[144.7985,43.9402],[145.1011,43.7646],[145.3475,43.1767],[144.6308,42.9469],[143.9693,42.8814],[143.4295,42.4189],[143.2365,42.0002],[142.5082,42.258],[141.8514,42.5791],[141.4066,42.5469],[140.9861,42.3421],[140.4805,42.5594],[140.3267,42.2934],[140.7338,42.1164],[140.6599,41.8156],[140.385,41.5193],[139.9953,41.5764],[140.1084,41.9129],[139.8209,42.3876],[139.8911,42.6492],[140.2241,42.7955],[140.7807,43.215],[141.2963,43.1997],[141.3977,43.6426],[141.6447,44.0194],[141.7822,44.7164],[141.583,45.156],[141.9377,45.5095],[142.7041,44.8192],[143.2886,44.3966],[143.8243,44.117]]],[[[131.1746,33.6026],[131.583,33.6524],[131.8966,33.2546],[131.9767,32.8439],[131.7321,32.5928],[131.3372,31.4047],[131.0984,31.2562],[130.5888,31.1785],[130.2007,31.2919],[130.322,31.6015],[130.1944,32.0908],[130.6405,32.6192],[130.3817,33.0926],[130.175,32.8513],[129.5801,33.2363],[129.66,33.365],[130.365,33.6345],[130.4838,33.8346],[130.9531,33.872],[131.1746,33.6026]]],[[[134.3574,34.2563],[134.6375,34.2266],[134.7389,33.8205],[134.3771,33.6084],[134.1816,33.2472],[133.632,33.511],[133.2859,33.36],[132.9772,32.842],[132.4951,32.9166],[132.5114,33.2931],[132.3659,33.5125],[132.6431,33.6899],[132.7843,33.9924],[133.1337,33.9273],[133.582,34.0171],[133.7063,34.2374],[134.0759,34.3584],[134.3574,34.2563]]],[[[141.2293,41.3727],[141.4,41.0963],[141.4628,40.6111],[141.7971,40.2912],[141.9778,39.8444],[141.9008,39.1113],[141.6586,38.9749],[141.4675,38.4042],[141.1084,38.3379],[140.9279,37.9496],[141.0363,37.4672],[140.9684,37.0021],[140.6273,36.5028],[140.622,36.0592],[140.874,35.725],[140.4574,35.5103],[140.4165,35.267],[139.7992,34.9569],[139.65,35.4091],[139.2494,35.278],[138.9826,34.6984],[138.5771,35.0865],[138.1891,34.5963],[136.8846,34.8059],[136.533,34.6784],[136.8537,34.3241],[136.3299,34.1769],[135.9162,33.5617],[135.4528,33.5534],[135.1754,33.898],[135.1001,34.2884],[135.3848,34.5004],[134.74,34.7652],[134.2083,34.6977],[133.9683,34.5273],[133.1424,34.3024],[132.2381,34.227],[132.0902,33.8555],[131.7405,34.0521],[130.9188,33.9757],[131.0042,34.3926],[131.3544,34.4132],[131.8561,34.7263],[132.9229,35.5113],[133.3765,35.4588],[134.2141,35.5393],[135.1743,35.7471],[135.327,35.5255],[135.6803,35.5031],[136.0953,35.7676],[136.0063,35.9906],[136.6981,36.742],[137.3426,36.7704],[137.5141,36.9516],[138.3199,37.2184],[138.8851,37.8439],[139.401,38.1426],[139.802,38.8816],[140.0481,39.4637],[139.908,40.0217],[139.9229,40.5984],[140.2813,40.8461],[141.1186,40.8823],[141.2293,41.3727]]]]},"properties":{"ADMIN":"Japan","ISO_A2":"JP","ADM0_A3":"JPN"}},{"type":"Feature","geometry":{"type":"Polygon","coordinates":[[[-77.2615,18.4574],[-76.9082,18.3904],[-76.3499,18.1519],[-76.5246,17.8662],[-76.8532,17.9737],[-77.3614,17.8337],[-77.7682,17.8774],[-78.2167,18.4481],[-77.8734,18.5222],[-77.2615,18.4574]]]},"properties":{"ADMIN":"Jamaica","ISO_A2":"JM","ADM0_A3":"JAM"}},{"type":"Feature","geometry":{"type":"MultiPolygon","coordinates":[[[[7.0211,45.9258],[7.9932,46.0159],[8.0815,46.256],[8.4584,46.2459],[8.9537,45.83],[9.2511,46.2868],[9.9393,46.3618],[10.4528,46.8649],[11.0251,46.797],[11.2444,46.9757],[12.1541,46.9353],[12.3883,46.7026],[13.7,46.5203],[13.3995,46.3175],[13.7198,45.5876],[13.2063,45.7714],[13.0303,45.6375],[12.2743,45.446],[12.2257,45.2415],[12.5234,44.968],[12.2483,44.7225],[12.3963,44.2239],[12.6911,43.9947],[13.5642,43.5713],[14.0104,42.6896],[14.8661,42.0525],[15.1688,41.934],[15.9641,41.9395],[16.0126,41.4354],[17.1034,41.0622],[17.955,40.6552],[18.4858,40.1048],[18.0779,39.937],[17.865,40.2802],[16.9282,40.4581],[16.53,39.8597],[16.5978,39.6389],[17.1146,39.3806],[17.1746,38.9981],[16.559,38.7148],[16.5456,38.4091],[16.0568,37.9418],[15.7245,37.9391],[15.9724,38.7126],[16.1968,38.7592],[16.0236,39.3536],[15.6928,39.9902],[14.9509,40.239],[14.7657,40.6684],[14.4594,40.6327],[14.1023,40.8271],[13.7334,41.2356],[13.0887,41.2438],[12.6309,41.4697],[11.6373,42.2875],[11.1678,42.5352],[10.7084,42.9363],[10.0477,44.02],[9.2894,44.3192],[8.7658,44.4223],[8.0816,43.9189],[7.4932,43.7671],[7.6771,44.0832],[6.9673,44.28],[7.0307,44.7167],[6.6277,45.118],[7.1534,45.4009],[6.8045,45.8146],[7.0211,45.9258]],[[12.4392,41.8984],[12.4384,41.9062],[12.4306,41.9055],[12.4306,41.8976],[12.4392,41.8984]],[[12.4853,43.9014],[12.5146,43.953],[12.4411,43.9824],[12.3969,43.9346],[12.4853,43.9014]]],[[[15.5766,38.2203],[15.0995,37.4586],[15.2945,37.0133],[15.1126,36.6878],[14.5019,36.7987],[14.143,37.1037],[13.9055,37.1006],[12.4355,37.8198],[13.3517,38.1805],[13.6815,38.0007],[14.506,38.0455],[14.8459,38.1717],[15.5766,38.2203]]],[[[9.632,40.882],[9.8053,40.4996],[9.5625,39.166],[9.0563,39.2392],[8.8813,38.9129],[8.4182,39.2057],[8.4713,40.2927],[8.1899,40.6516],[9.283,41.2017],[9.632,40.882]]]]},"properties":{"ADMIN":"Italy","ISO_A2":"IT","ADM0_A3":"ITA"}},{"type":"Feature","geometry":{"type":"Polygon","coordinates":[[[35.8407,33.4157],[35.888,32.9444],[35.7873,32.7349],[35.5515,32.3955],[35.1933,32.5344],[34.956,32.1609],[34.951,31.6023],[35.1012,31.3662],[35.4506,31.4793],[35.4393,31.1324],[35.174,30.5239],[34.9734,29.555],[34.9043,29.4773],[34.2453,31.2083],[34.4773,31.5849],[34.6784,31.8957],[35.1086,33.0837],[35.4112,33.0757],[35.8407,33.4157]]]},"properties":{"ADMIN":"Israel","ISO_A2":"IL","ADM0_A3":"ISR"}},{"type":"Feature","geometry":{"type":"MultiPolygon","coordinates":[[[[34.4773,31.5849],[34.2453,31.2083],[34.1981,31.3226],[34.4773,31.5849]]],[[[35.5515,32.3955],[35.559,31.7655],[35.4506,31.4793],[35.1012,31.3662],[34.951,31.6023],[34.956,32.1609],[35.1933,32.5344],[35.5515,32.3955]]]]},"properties":{"ADMIN":"Palestine","ISO_A2":"PS","ADM0_A3":"PSX"}},{"type":"Feature","geometry":{"type":"Polygon","coordinates":[[[-7.2187,55.092],[-8.1183,54.4143],[-7.3552,54.1212],[-6.9361,54.3743],[-6.6498,54.0586],[-6.218,54.0887],[-6.0274,52.9271],[-6.5611,52.1888],[-7.5273,52.0989],[-7.6646,51.9797],[-8.8134,51.5849],[-9.2965,51.4982],[-9.8029,51.7801],[-10.3787,51.8688],[-9.9558,52.1367],[-9.5863,52.5592],[-9.2992,53.0976],[-9.7954,53.395],[-9.9959,54.276],[-8.6231,54.3469],[-8.7639,54.6812],[-8.2746,55.1463],[-7.2467,55.353],[-7.2187,55.092]]]},"properties":{"ADMIN":"Ireland","ISO_A2":"IE","ADM0_A3":"IRL"}},{"type":"Feature","geometry":{"type":"Polygon","coordinates":[[[42.359,37.1086],[42.7746,37.3719],[43.5158,37.2445],[44.2084,37.2026],[44.2818,36.978],[44.7651,37.1424],[45.0311,36.5261],[45.3616,36.0153],[45.7234,35.8367],[46.1675,35.8206],[45.9711,35.5242],[46.1338,35.1276],[45.6781,34.7984],[45.4376,34.4151],[45.3971,33.9709],[46.1459,33.2296],[46.3771,32.9292],[47.1214,32.4666],[47.3713,32.4237],[47.83,31.7944],[47.6795,31.4006],[47.6795,31.0024],[48.0106,30.9898],[48.0149,30.4656],[48.3311,30.2854],[48.5465,29.9624],[47.9787,29.9828],[47.6728,30.0956],[47.1144,29.9613],[46.9059,29.5375],[46.5314,29.0962],[46.3564,29.0637],[44.6908,29.2023],[42.8577,30.4952],[42.0744,31.0804],[40.3693,31.939],[39.1454,32.1245],[38.7735,33.3722],[40.6895,34.332],[40.987,34.4291],[41.1947,34.769],[41.2164,35.2882],[41.3541,35.6404],[41.2456,36.0734],[41.4168,36.5146],[41.7886,36.5972],[42.359,37.1086]]]},"properties":{"ADMIN":"Iraq","ISO_A2":"IQ","ADM0_A3":"IRQ"}},{"type":"Feature","geometry":{"type":"Polygon","coordinates":[[[53.9142,37.3436],[54.7452,37.5019],[55.0756,37.9025],[55.5784,38.0998],[56.2288,38.0734],[56.4406,38.2494],[57.1936,38.2164],[57.4238,37.9477],[58.4357,37.6385],[58.8154,37.6835],[59.2408,37.5208],[59.5622,37.1789],[60.0628,36.9629],[60.3413,36.6376],[61.1196,36.6426],[61.262,35.6196],[61.0801,34.8556],[60.7263,34.5183],[60.4857,34.0948],[60.5108,33.6389],[60.917,33.5052],[60.5605,33.1378],[60.8293,32.2494],[60.8541,31.4833],[61.6602,31.3824],[61.7842,30.8319],[60.8434,29.8587],[61.3184,29.3726],[61.623,28.7916],[61.8898,28.5465],[62.353,28.4147],[62.7397,28.0021],[62.763,27.2502],[63.1668,27.2525],[63.1681,26.6656],[62.4393,26.561],[62.2394,26.357],[61.8698,26.2424],[61.6687,25.769],[61.5879,25.2023],[61.4122,25.1021],[60.6639,25.2822],[59.4561,25.4815],[59.0461,25.4173],[58.7979,25.5546],[57.7961,25.653],[57.3346,25.7916],[57.1043,26.3714],[56.9822,26.9055],[56.8129,27.09],[56.3562,27.2002],[55.6503,26.9775],[54.8958,26.5567],[54.6449,26.5089],[54.2471,26.6966],[53.7058,26.7256],[53.455,26.9433],[52.6916,27.3234],[52.4759,27.6165],[52.0308,27.8244],[51.6663,27.845],[51.2789,28.1313],[51.062,28.7261],[50.6752,29.1466],[50.6496,29.4201],[49.9831,30.2094],[49.5549,30.029],[48.9168,30.3973],[48.9191,30.1209],[48.5465,29.9624],[48.3311,30.2854],[48.0149,30.4656],[48.0106,30.9898],[47.6795,31.0024],[47.6795,31.4006],[47.83,31.7944],[47.3713,32.4237],[47.1214,32.4666],[46.3771,32.9292],[46.1459,33.2296],[45.3971,33.9709],[45.4376,34.4151],[45.6781,34.7984],[46.1338,35.1276],[45.9711,35.5242],[46.1675,35.8206],[45.7234,35.8367],[45.3616,36.0153],[45.0311,36.5261],[44.7651,37.1424],[44.574,37.4354],[44.5612,37.7446],[44.2113,37.9081],[44.4309,38.3568],[44.0232,39.3774],[44.3894,39.4221],[44.8172,39.6504],[45.4797,39.0063],[46.1145,38.8778],[46.4906,38.9067],[47.7729,39.6486],[47.9959,39.6839],[48.242,38.979],[48.0232,38.819],[48.5927,38.4111],[48.8688,38.4355],[49.081,37.6676],[49.4701,37.4967],[50.1305,37.4071],[50.5332,37.0137],[51.1186,36.7426],[51.762,36.6145],[52.1901,36.6217],[53.3741,36.8688],[54.0172,36.9525],[53.9142,37.3436]]]},"properties":{"ADMIN":"Iran","ISO_A2":"IR","ADM0_A3":"IRN"}},{"type":"Feature","geometry":{"type":"MultiPolygon","coordinates":[[[[97.4815,1.4651],[97.9319,0.9739],[97.8765,0.6283],[97.4054,0.947],[97.2442,1.4236],[97.4815,1.4651]]],[[[99.1639,-1.7779],[98.8743,-1.6637],[98.6018,-1.1979],[98.869,-0.9156],[99.2673,-1.6277],[99.1639,-1.7779]]],[[[116.6408,-8.6139],[116.3772,-8.929],[116.0765,-8.7449],[116.0611,-8.4374],[116.4016,-8.2042],[116.7341,-8.3869],[116.6408,-8.6139]]],[[[115.4479,-8.1552],[115.7043,-8.4071],[115.3338,-8.6157],[115.2361,-8.7976],[114.8421,-8.4285],[114.6132,-8.3783],[114.4753,-8.1194],[115.4479,-8.1552]]],[[[106.0457,-1.6694],[106.3659,-2.4648],[106.6788,-2.704],[106.5468,-3.0556],[105.9987,-2.8249],[105.7858,-2.1813],[105.1334,-2.0426],[105.5854,-1.5268],[105.9101,-1.505],[106.0457,-1.6694]]],[[[123.1798,-4.5512],[123.0552,-4.7482],[122.9857,-5.3936],[122.8121,-5.6713],[122.585,-5.5446],[122.7665,-5.2102],[122.8533,-4.6184],[123.1798,-4.5512]]],[[[122.6451,-5.2694],[122.3963,-5.0698],[122.3689,-4.7672],[122.702,-4.6187],[122.7599,-4.9339],[122.6451,-5.2694]]],[[[108.316,3.6896],[108.0035,4.0426],[108.202,4.2005],[108.3929,3.9862],[108.316,3.6896]]],[[[108.2072,-2.9977],[107.6145,-3.2094],[107.6663,-2.5663],[108.0744,-2.597],[108.2072,-2.9977]]],[[[135.383,-0.6514],[135.8936,-0.7258],[136.2826,-1.0646],[136.1104,-1.2168],[135.8388,-1.1194],[135.383,-0.6514]]],[[[135.4742,-1.5918],[136.2016,-1.655],[136.1926,-1.8592],[135.4742,-1.5918]]],[[[130.8133,-0.0041],[131.2769,-0.1498],[131.0978,-0.3301],[130.6887,-0.2966],[130.8133,-0.0041]]],[[[128.4539,2.0518],[128.218,2.2975],[128.6021,2.5976],[128.6232,2.2244],[128.4539,2.0518]]],[[[128.153,-1.6605],[127.5616,-1.7285],[127.4567,-1.4537],[127.6467,-1.3324],[128.153,-1.6605]]],[[[124.9695,-1.7055],[124.8345,-1.8944],[124.4178,-2.0052],[124.3809,-1.6875],[124.9695,-1.7055]]],[[[131.3256,-7.9995],[131.0868,-7.865],[131.2601,-7.4705],[131.5607,-7.1357],[131.6911,-7.4389],[131.3256,-7.9995]]],[[[126.801,-7.6679],[126.4721,-7.9504],[125.8432,-7.8167],[126.6096,-7.5718],[126.801,-7.6679]]],[[[124.5756,-8.1408],[125.1246,-8.2048],[125.0968,-8.3528],[124.4442,-8.4446],[124.5756,-8.1408]]],[[[131.0019,-1.3155],[130.7823,-1.2555],[130.6729,-0.9598],[131.0739,-0.9683],[131.0019,-1.3155]]],[[[96.4926,5.2293],[96.8427,5.2745],[97.5472,5.2059],[97.9084,4.88],[98.2484,4.4146],[98.3073,4.0929],[99.7323,3.1831],[100.457,2.2574],[100.6853,2.1201],[101.0462,2.2575],[101.4767,1.6931],[101.7848,1.6214],[102.1572,1.2589],[102.4692,0.7793],[102.8494,0.7155],[103.0665,0.492],[103.4789,0.4802],[103.7867,0.047],[103.4285,-0.1918],[103.4312,-0.5336],[103.7211,-0.8867],[104.3605,-1.0384],[104.5688,-1.9218],[104.8452,-2.093],[104.6685,-2.3855],[105.397,-2.3802],[105.582,-2.492],[106.0443,-3.1062],[105.8438,-3.6137],[105.9277,-3.8813],[105.8314,-4.1629],[105.8872,-5.0096],[105.8161,-5.6766],[105.6186,-5.7996],[105.3494,-5.5495],[105.0813,-5.7455],[104.6396,-5.5204],[104.6016,-5.9046],[103.8314,-5.0796],[102.9189,-4.4707],[102.5377,-4.1521],[102.1275,-3.5992],[101.5786,-3.167],[101.3057,-2.7287],[101.1186,-2.5878],[100.848,-2.1439],[100.8553,-1.9342],[100.4865,-1.2991],[100.3082,-0.8267],[99.8601,-0.3138],[99.5977,0.1024],[99.1592,0.3518],[98.7964,1.4946],[98.5643,1.9021],[97.7008,2.3585],[97.5908,2.8466],[97.3913,2.9753],[96.9689,3.5751],[96.4447,3.8163],[95.4947,4.7614],[95.2066,5.284],[95.3961,5.6288],[95.8413,5.5145],[96.1333,5.2943],[96.4926,5.2293]]],[[[122.7829,-8.6117],[122.0941,-8.7447],[121.6514,-8.8987],[121.0353,-8.9354],[120.5505,-8.8019],[119.8079,-8.6977],[119.9183,-8.4451],[120.6103,-8.2404],[121.4445,-8.5778],[121.9665,-8.4552],[122.2631,-8.6249],[122.6035,-8.4024],[122.7829,-8.6117]]],[[[120.0125,-9.3747],[120.2911,-9.6479],[120.5037,-9.674],[120.8326,-10.0375],[120.4392,-10.294],[120.1448,-10.2001],[119.6011,-9.7735],[119.0854,-9.7069],[119.1856,-9.3845],[120.0125,-9.3747]]],[[[118.2424,-8.3178],[118.9878,-8.3377],[119.0063,-8.7496],[118.1899,-8.8405],[117.0613,-9.099],[116.7885,-9.0063],[116.8351,-8.5324],[117.1648,-8.3672],[117.5671,-8.4264],[117.8061,-8.7111],[118.2349,-8.5919],[117.8148,-8.3421],[118.1175,-8.1223],[118.2424,-8.3178]]],[[[124.8889,0.9953],[124.4275,0.4706],[123.7538,0.3055],[123.2654,0.3266],[123.0825,0.4858],[121.842,0.4366],[121.4258,0.4948],[121.013,0.4417],[120.7004,0.5147],[120.349,0.4492],[120.1273,0.1666],[120.0133,-0.1962],[120.0975,-0.6499],[120.5176,-1.0395],[120.6674,-1.3701],[121.0337,-1.4065],[121.5193,-0.8556],[121.9696,-0.9333],[122.28,-0.757],[122.8888,-0.7552],[123.1715,-0.5707],[123.3797,-0.6485],[123.3779,-1.0041],[123.0494,-0.8724],[122.8074,-0.966],[122.5066,-1.3479],[121.7188,-1.8628],[121.3488,-1.946],[121.8482,-2.3315],[122.399,-3.2009],[122.2529,-3.6204],[122.8773,-4.1091],[122.8974,-4.3491],[122.2071,-4.4964],[121.917,-4.8479],[121.5887,-4.7596],[121.4865,-4.5811],[121.6181,-4.0927],[120.9143,-3.5558],[121.0543,-3.1671],[121.0521,-2.7517],[120.6536,-2.6676],[120.2541,-3.0528],[120.4366,-3.7073],[120.3625,-4.0857],[120.4201,-4.6174],[120.2793,-5.1461],[120.3116,-5.5416],[119.7173,-5.6934],[119.3762,-5.4248],[119.6117,-4.4235],[119.6236,-4.0344],[119.4198,-3.4754],[118.9946,-3.5376],[118.8125,-3.1566],[118.7837,-2.7647],[119.0922,-2.4829],[119.3219,-1.9297],[119.309,-1.4082],[119.5082,-0.9067],[119.7717,-0.4836],[119.7219,-0.0885],[119.8093,0.2387],[120.2695,0.9708],[120.5166,0.8175],[120.9121,1.289],[121.44,1.2144],[121.5918,1.068],[122.4366,1.0181],[122.8925,0.85],[123.2781,0.9281],[123.8467,0.8382],[124.2736,1.0223],[124.9893,1.701],[125.2338,1.5023],[124.8889,0.9953]]],[[[107.3739,-6.0076],[107.6668,-6.2158],[108.295,-6.265],[108.6778,-6.7905],[110.4263,-6.9473],[110.7369,-6.4724],[110.9723,-6.4356],[111.1544,-6.669],[111.5403,-6.6482],[112.0873,-6.8934],[112.5393,-6.9265],[112.7945,-7.5524],[113.2484,-7.7182],[114.0707,-7.633],[114.4442,-7.8956],[114.3869,-8.4052],[114.5838,-8.7696],[113.2533,-8.2867],[112.6788,-8.4092],[111.51,-8.3051],[110.6072,-8.1494],[110.0387,-7.8905],[109.2816,-7.7049],[108.7412,-7.6671],[108.4518,-7.797],[107.9175,-7.7241],[107.285,-7.4717],[106.6314,-7.4155],[106.5197,-7.0537],[105.9443,-6.859],[105.4837,-6.7815],[105.8683,-6.1164],[106.075,-5.9142],[106.8252,-6.0982],[107.0463,-5.9042],[107.3739,-6.0076]]],[[[109.6289,2.0275],[109.654,1.6149],[110.5058,0.862],[110.9381,1.0173],[111.7697,0.9995],[112.0785,1.1434],[112.1857,1.4391],[112.4762,1.5591],[112.943,1.567],[113.0065,1.4339],[113.6223,1.2359],[113.9023,1.4343],[114.5459,1.4671],[114.8306,1.98],[114.7864,2.2505],[115.1791,2.5232],[115.0863,2.8411],[115.4544,3.0343],[115.5661,3.4458],[115.5685,3.9388],[115.8962,4.3487],[117.1006,4.3371],[117.5744,4.1706],[117.7282,3.7967],[117.6299,3.6363],[117.1664,3.592],[117.6106,3.0644],[118.0666,2.3178],[117.8646,1.9684],[118.0804,1.7019],[118.639,1.319],[118.985,0.9821],[118.5348,0.8135],[118.1961,0.8744],[117.7451,0.7296],[117.5222,0.2359],[117.4629,-0.3237],[117.5625,-0.7709],[117.2407,-0.9257],[117.0032,-1.1877],[116.5545,-1.4739],[116.4235,-2.0525],[116.5654,-2.2997],[116.3755,-2.578],[116.3307,-2.9021],[115.9562,-3.595],[114.6936,-4.1697],[114.5361,-3.4944],[114.0822,-3.2789],[113.7958,-3.4562],[113.526,-3.1841],[112.9715,-3.1871],[112.6003,-3.4005],[112.285,-3.321],[111.8221,-3.5325],[111.823,-3.0572],[111.3676,-2.9337],[111.0443,-3.0558],[110.574,-2.8914],[110.2326,-2.9251],[110.075,-1.9464],[109.9599,-1.8628],[110.0192,-1.3988],[109.7874,-1.0113],[109.4538,-0.8687],[109.1605,-0.4949],[109.2575,0.0312],[108.9445,0.3557],[108.9059,0.7939],[109.0759,1.4959],[109.3785,1.9227],[109.6289,2.0275]]],[[[127.7327,0.8481],[128.1607,1.1578],[128.4241,1.5175],[128.6884,1.5726],[128.7026,1.1064],[128.2988,0.8768],[128.6916,0.3604],[127.9831,0.4719],[127.8874,0.2983],[128.0464,-0.7061],[127.6916,-0.2419],[127.7087,0.2881],[127.5554,0.4896],[127.4203,1.252],[127.6317,1.8437],[128.0109,1.7012],[128.0117,1.3317],[127.6528,1.0139],[127.7327,0.8481]]],[[[129.7547,-2.8658],[130.3791,-2.9894],[130.86,-3.5703],[130.8051,-3.8577],[130.0195,-3.4747],[129.8441,-3.3271],[129.4677,-3.4532],[128.9675,-3.3261],[128.4192,-3.416],[128.0821,-3.1841],[128.1985,-2.8659],[129.4273,-2.7907],[129.7547,-2.8658]]],[[[126.8611,-3.0879],[127.2273,-3.391],[127.2296,-3.633],[126.6863,-3.8236],[126.2146,-3.6052],[126.0265,-3.1705],[126.5551,-3.0652],[126.8611,-3.0879]]],[[[124.9223,-8.9425],[125.0682,-9.5119],[124.4275,-10.1486],[123.8576,-10.3436],[123.5893,-9.9668],[123.7094,-9.6148],[124.0363,-9.3416],[124.2823,-9.4279],[124.4444,-9.1903],[124.9223,-8.9425]]],[[[134.747,-5.707],[134.7559,-6.1706],[134.4411,-6.3349],[134.302,-6.0098],[134.3413,-5.7129],[134.6165,-5.4386],[134.747,-5.707]]],[[[134.5368,-6.4423],[134.356,-6.8148],[134.0592,-6.7693],[134.1681,-6.1763],[134.5368,-6.4423]]],[[[138.5354,-8.2736],[138.2963,-8.4052],[137.8719,-8.3797],[137.6852,-8.2622],[138.0075,-7.6416],[138.2955,-7.4385],[138.7698,-7.3904],[138.9891,-7.6961],[138.7859,-8.0591],[138.5354,-8.2736]]],[[[140.9734,-2.6098],[140.9742,-4.2265],[140.975,-6.3461],[140.8623,-6.74],[140.9752,-6.9054],[140.9762,-9.1187],[139.9348,-8.1012],[139.3856,-8.1891],[138.8562,-8.1451],[139.088,-7.5872],[138.7479,-7.2515],[138.6014,-6.9365],[138.8646,-6.8584],[138.4387,-6.3434],[138.2521,-5.6882],[137.7591,-5.2562],[137.0893,-4.9244],[136.6188,-4.8187],[135.9797,-4.5309],[135.1956,-4.4507],[134.6797,-4.0791],[134.1471,-3.7968],[133.9738,-3.818],[133.6531,-3.3644],[133.2487,-4.0623],[132.9686,-4.0949],[132.7539,-3.7036],[132.7514,-3.2946],[132.3482,-2.9751],[132.2307,-2.6804],[132.725,-2.7891],[133.191,-2.4378],[133.6087,-2.5472],[133.9049,-2.3909],[133.9216,-2.1021],[133.4878,-2.2256],[132.9628,-2.2726],[132.3076,-2.2423],[132.0234,-1.9903],[131.9304,-1.5597],[131.2938,-1.3935],[131.2572,-0.8555],[131.8043,-0.7038],[132.1284,-0.4541],[132.6251,-0.3589],[133.4727,-0.7262],[133.9745,-0.7443],[134.2596,-1.363],[134.1059,-1.721],[134.1557,-2.1952],[135.0374,-3.3331],[135.4866,-3.3451],[136.2433,-2.5831],[136.3899,-2.2733],[136.8433,-2.1977],[137.1711,-2.0255],[137.1234,-1.8409],[137.8063,-1.4832],[138.6498,-1.7911],[139.7896,-2.3482],[140.6226,-2.4458],[140.9734,-2.6098]]],[[[103.0275,0.7466],[102.5416,0.8316],[102.5492,1.1302],[103.0275,0.7466]]],[[[104.5854,1.2161],[104.5752,0.8319],[104.252,1.0149],[104.5854,1.2161]]],[[[113.8445,-7.1054],[113.4707,-7.2185],[112.7638,-7.1396],[112.8681,-6.8999],[113.9747,-6.873],[113.8445,-7.1054]]],[[[130.3533,-1.6905],[130.248,-2.0478],[129.8865,-1.9864],[129.9937,-1.7589],[130.3533,-1.6905]]],[[[96.4637,2.36],[95.8086,2.6556],[95.8063,2.916],[96.4173,2.5152],[96.4637,2.36]]],[[[123.9248,-8.2725],[123.4107,-8.5866],[123.325,-8.4391],[123.776,-8.1904],[123.9248,-8.2725]]]]},"properties":{"ADMIN":"Indonesia","ISO_A2":"ID","ADM0_A3":"IDN"}},{"type":"Feature","geometry":{"type":"MultiPolygon","coordinates":[[[[68.165,23.8573],[68.7241,23.9647],[68.7281,24.2656],[69.5592,24.2731],[69.7162,24.1726],[70.5468,24.4183],[70.7163,24.238],[71.044,24.4001],[71.0479,24.6877],[70.6521,25.4229],[70.6484,25.6669],[70.2646,25.7065],[70.0777,26.072],[70.1568,26.4714],[69.47,26.8044],[69.568,27.1746],[69.8963,27.4736],[70.1445,27.849],[70.4037,28.025],[70.7374,27.729],[71.8703,27.9625],[72.3419,28.7519],[72.9033,29.0288],[73.3816,29.9344],[73.8092,30.0934],[73.8993,30.4354],[74.2156,30.769],[74.6328,31.0347],[74.51,31.7129],[74.7395,31.9488],[75.2541,32.1403],[75.3335,32.2792],[74.6578,32.5189],[74.3546,32.7687],[74.3036,32.9918],[73.9942,33.2422],[74.15,33.507],[74.001,33.7882],[73.9795,34.1913],[73.81,34.3253],[73.9612,34.6535],[74.3004,34.7654],[75.1875,34.639],[75.7092,34.5031],[76.041,34.6699],[76.5944,34.7358],[77.0486,35.1099],[77.7994,35.4959],[78.0122,35.251],[78.282,34.6539],[78.9364,34.352],[78.753,34.0877],[78.8019,33.4997],[79.1125,33.2263],[79.2193,32.5011],[78.9189,32.3582],[78.7009,32.597],[78.3896,32.5199],[78.7354,31.958],[78.7916,31.2937],[79.1071,31.4026],[79.5654,30.9491],[79.7946,30.9683],[80.1943,30.7592],[80.1912,30.5684],[80.6821,30.4148],[81.0103,30.1645],[80.4019,29.7303],[80.0707,28.8302],[80.587,28.6496],[81.1689,28.335],[81.8526,27.8671],[81.9877,27.9138],[82.7334,27.519],[83.2897,27.371],[83.8288,27.3778],[84.091,27.4914],[84.6102,27.2987],[84.6854,27.041],[85.293,26.741],[85.5685,26.8398],[85.7373,26.6397],[86.3661,26.5744],[86.7014,26.4351],[87.0164,26.5554],[87.2874,26.3603],[88.0549,26.43],[88.1615,26.7248],[87.9844,27.1339],[88.1098,27.8706],[88.6211,28.0918],[88.8488,27.8687],[88.749,27.5219],[88.8914,27.3161],[88.8576,26.9615],[89.7639,26.7016],[90.3459,26.8903],[90.7396,26.7717],[91.9983,26.855],[92.0834,27.2906],[91.5947,27.5577],[91.6319,27.76],[91.9776,27.7304],[92.6644,27.9489],[92.7019,28.1471],[93.1192,28.4023],[93.2065,28.5908],[93.9022,28.8032],[94.623,29.3124],[94.7694,29.1759],[95.4202,29.0543],[95.5158,29.2063],[96.0354,29.4472],[96.4357,29.0507],[96.6026,28.4599],[97.3225,28.218],[97.3352,27.9377],[96.8997,27.6438],[96.6657,27.3393],[96.0614,27.2171],[95.9053,27.0466],[95.1287,26.5973],[95.1324,26.0413],[94.992,25.7705],[94.6229,25.41],[94.7076,25.0487],[94.2931,24.3219],[94.1276,23.8765],[93.3073,24.0219],[93.4149,23.6821],[93.366,23.1325],[93.0787,22.7182],[93.162,22.3602],[92.9646,22.0038],[92.5749,21.9781],[92.4914,22.6854],[92.3616,22.929],[92.2461,23.6836],[91.9379,23.5047],[91.6195,22.9797],[91.3152,23.1044],[91.1604,23.6606],[91.3671,24.0935],[91.877,24.1953],[92.0642,24.3744],[92.2513,24.8951],[92.0497,25.1695],[90.4394,25.1577],[89.8141,25.3054],[89.8229,25.9414],[89.2893,26.0376],[89.1083,26.2022],[88.4404,26.3695],[88.0846,25.8882],[88.4523,25.5744],[88.7691,25.4905],[88.8901,25.1944],[88.4563,25.1884],[88.1455,24.4858],[88.7336,24.2309],[88.5674,23.6744],[88.7408,23.4366],[89.0515,22.0932],[89.0517,21.6541],[88.2537,21.6223],[87.9484,21.8254],[87.6782,21.6535],[87.1007,21.5008],[86.8596,21.2367],[86.9755,20.7001],[86.7504,20.3132],[86.2795,19.9194],[85.575,19.6929],[85.2256,19.5084],[84.771,19.1254],[84.1041,18.2927],[83.6543,18.0699],[83.1983,17.609],[82.3596,17.0962],[82.2588,16.5599],[81.7619,16.3295],[81.2386,16.264],[80.9787,15.7584],[80.6466,15.895],[80.2935,15.7107],[80.0534,15.074],[80.1654,14.5778],[80.1117,14.2122],[80.2441,13.7735],[80.0621,13.6063],[80.3424,13.3613],[80.2291,12.6903],[79.8585,11.9888],[79.7541,11.5753],[79.8486,11.1969],[79.8382,10.3226],[79.3905,10.306],[78.9963,9.6831],[78.9796,9.2686],[78.4215,9.105],[78.1925,8.8909],[78.0602,8.3846],[77.5176,8.0783],[76.9669,8.4073],[76.5534,8.9028],[76.3246,9.4521],[76.4588,9.5362],[76.3465,9.9221],[75.9226,10.7841],[75.7238,11.3618],[75.1967,12.0575],[74.7705,13.0773],[74.6709,13.6676],[74.3822,14.4947],[73.9492,15.0748],[73.9319,15.397],[73.4761,16.0542],[73.3376,16.4599],[73.1561,17.6219],[72.8709,18.6831],[72.8116,19.2989],[72.6678,19.831],[72.8812,20.5632],[72.8139,21.1172],[72.6924,21.1776],[72.5431,21.6966],[72.5901,22.2781],[72.3326,22.2702],[72.0372,21.823],[72.254,21.531],[72.0152,21.1557],[71.0246,20.7389],[70.7193,20.7404],[70.1273,21.0947],[69.0088,22.1968],[70.1772,22.5728],[70.2512,22.9709],[69.6646,22.7591],[69.2359,22.8485],[68.6407,23.1899],[68.165,23.8573]]],[[[92.7228,11.5361],[92.5339,11.8734],[92.6947,12.2147],[92.8573,13.3581],[93.0738,13.2521],[92.8862,12.9423],[92.9902,12.5385],[92.7477,11.9928],[92.7228,11.5361]]]]},"properties":{"ADMIN":"India","ISO_A2":"IN","ADM0_A3":"IND"}},{"type":"Feature","geometry":{"type":"Polygon","coordinates":[[[-15.5431,66.2285],[-14.7404,66.0508],[-14.7575,65.7557],[-13.616,65.4872],[-13.5808,65.143],[-13.8529,64.8622],[-15.0216,64.2959],[-16.0604,64.1112],[-16.6403,63.8655],[-17.8157,63.713],[-18.6536,63.4067],[-20.1981,63.5558],[-21.2462,63.9354],[-22.6069,63.8373],[-21.8328,64.2054],[-21.9503,64.515],[-22.684,65.0264],[-22.0058,65.4935],[-22.9025,65.5805],[-23.8999,65.4076],[-24.224,65.4872],[-23.5279,66.1644],[-22.4261,66.4301],[-21.3035,65.8765],[-21.23,65.4206],[-20.3566,65.719],[-20.3566,66.0333],[-18.7775,66.1688],[-16.7484,66.1316],[-16.5407,66.4467],[-15.9854,66.5146],[-15.5431,66.2285]]]},"properties":{"ADMIN":"Iceland","ISO_A2":"IS","ADM0_A3":"ISL"}},{"type":"Feature","geometry":{"type":"Polygon","coordinates":[[[22.1318,48.4053],[22.8767,47.9473],[22.2906,47.7278],[21.152,46.3043],[20.2418,46.1086],[19.5308,46.1552],[18.9054,45.9317],[18.4373,45.7673],[17.9639,45.7703],[17.4063,45.9511],[16.5162,46.4999],[16.0931,46.8633],[16.4534,47.0068],[16.4344,47.3674],[16.7476,47.6863],[17.0666,47.7076],[17.1474,48.006],[17.7619,47.7702],[18.7242,47.7872],[18.7919,48.0003],[19.8986,48.1313],[20.3338,48.2956],[20.49,48.5269],[21.4514,48.5522],[21.767,48.3381],[22.1318,48.4053]]]},"properties":{"ADMIN":"Hungary","ISO_A2":"HU","ADM0_A3":"HUN"}},{"type":"Feature","geometry":{"type":"Polygon","coordinates":[[[-83.1575,14.9931],[-83.415,15.0081],[-83.8673,14.7945],[-84.6459,14.6611],[-84.9852,14.7524],[-85.1795,14.3433],[-85.7867,13.8444],[-86.1512,13.9946],[-86.3317,13.7701],[-86.7336,13.7635],[-86.7107,13.3134],[-87.0592,12.9915],[-87.3373,12.9792],[-87.4891,13.3529],[-87.8142,13.3992],[-87.7153,13.8127],[-88.151,13.9874],[-88.5125,13.979],[-89.0571,14.3292],[-89.3626,14.416],[-89.1718,14.6069],[-89.2224,14.8661],[-88.961,15.1524],[-88.2283,15.729],[-87.6182,15.9099],[-86.9072,15.7624],[-86.3566,15.7832],[-85.784,16.0028],[-85.4837,15.8995],[-84.9737,15.9899],[-84.2614,15.8226],[-83.7604,15.2204],[-83.3692,15.24],[-83.1575,14.9931]]]},"properties":{"ADMIN":"Honduras","ISO_A2":"HN","ADM0_A3":"HND"}},{"type":"Feature","geometry":{"type":"Polygon","coordinates":[[[-71.7792,19.7182],[-71.657,19.1308],[-71.7432,18.7329],[-72.0004,18.5979],[-71.7619,18.3413],[-71.7683,18.0392],[-72.0599,18.2286],[-72.8767,18.1518],[-73.3852,18.2512],[-73.885,18.0419],[-74.419,18.3462],[-74.2277,18.6627],[-73.5916,18.5224],[-72.7894,18.4348],[-72.3477,18.675],[-72.8111,19.0716],[-72.7032,19.4411],[-73.0527,19.6107],[-73.1178,19.9038],[-72.637,19.9009],[-72.2198,19.7446],[-71.7792,19.7182]]]},"properties":{"ADMIN":"Haiti","ISO_A2":"HT","ADM0_A3":"HTI"}},{"type":"Feature","geometry":{"type":"Polygon","coordinates":[[[-60.7421,5.2021],[-61.3768,5.907],[-61.1287,6.2143],[-61.1456,6.6945],[-60.7179,6.7683],[-60.395,6.9454],[-60.7192,7.4987],[-60.5136,7.8132],[-60.0324,8.0536],[-59.8316,8.306],[-60.0175,8.5493],[-59.2002,8.0746],[-58.6266,7.5459],[-58.4806,7.0381],[-57.9826,6.7859],[-57.1902,6.0973],[-57.1948,5.5484],[-57.331,5.0202],[-57.7111,4.9911],[-58.0545,4.1719],[-57.8327,3.676],[-57.5496,3.3528],[-57.3037,3.3771],[-57.2098,2.8828],[-56.7043,2.0365],[-56.4828,1.9421],[-56.8367,1.8813],[-57.1189,2.014],[-57.5944,1.7041],[-58.3407,1.5875],[-58.5119,1.2847],[-58.8625,1.2036],[-59.2312,1.376],[-59.7562,1.9006],[-59.7552,2.2741],[-59.9943,2.69],[-59.8312,3.3492],[-59.8544,3.5875],[-59.5511,3.9335],[-59.8333,4.4759],[-60.1111,4.5112],[-59.9907,5.0829],[-60.142,5.2388],[-60.7421,5.2021]]]},"properties":{"ADMIN":"Guyana","ISO_A2":"GY","ADM0_A3":"GUY"}},{"type":"Feature","geometry":{"type":"Polygon","coordinates":[[[-16.7118,12.3548],[-15.5748,12.4904],[-15.1961,12.6799],[-13.7292,12.6739],[-13.7328,11.736],[-14.2656,11.6599],[-14.683,11.5085],[-15.043,10.9401],[-15.3931,11.2172],[-15.5019,11.7238],[-16.1384,11.9173],[-16.7118,12.3548]]]},"properties":{"ADMIN":"Guinea-Bissau","ISO_A2":"GW","ADM0_A3":"GNB"}},{"type":"Feature","geometry":{"type":"Polygon","coordinates":[[[-10.2832,8.4852],[-10.5005,8.6875],[-10.6905,9.3143],[-11.2057,9.9777],[-11.9111,9.993],[-12.5015,9.8622],[-12.7559,9.3736],[-13.028,9.1036],[-13.2927,9.0492],[-13.7005,9.8513],[-14.4269,10.2483],[-14.7759,10.9316],[-15.043,10.9401],[-14.683,11.5085],[-14.2656,11.6599],[-13.7328,11.736],[-13.7292,12.6739],[-13.0829,12.6335],[-12.7973,12.4519],[-12.2912,12.328],[-12.0424,12.398],[-11.3894,12.4044],[-11.3052,12.0154],[-10.9332,12.2052],[-10.6773,11.8994],[-10.2749,12.2126],[-9.8207,12.0425],[-9.0431,12.4023],[-8.8183,11.9225],[-8.822,11.6732],[-8.4075,11.3863],[-8.6639,11.0358],[-8.3374,10.9906],[-8.2315,10.438],[-7.9906,10.1625],[-8.1366,10.0221],[-8.137,9.4957],[-7.8962,9.4159],[-7.951,8.7868],[-7.8236,8.4677],[-8.237,8.4557],[-8.0167,8.1449],[-8.2319,7.5567],[-8.4864,7.5585],[-8.7083,7.6589],[-8.8896,7.2627],[-9.1176,7.2159],[-9.4598,7.4425],[-9.3689,7.6396],[-9.5183,8.3461],[-9.7683,8.5346],[-10.2832,8.4852]]]},"properties":{"ADMIN":"Guinea","ISO_A2":"GN","ADM0_A3":"GIN"}},{"type":"Feature","geometry":{"type":"Polygon","coordinates":[[[-92.2352,14.5454],[-92.0748,15.0742],[-92.1872,15.3209],[-91.7366,16.0702],[-90.4472,16.0727],[-90.417,16.391],[-90.7107,16.7081],[-91.4096,17.2559],[-90.993,17.2524],[-90.9892,17.8164],[-89.1615,17.8148],[-89.2375,15.8944],[-88.894,15.8906],[-88.2283,15.729],[-88.961,15.1524],[-89.2224,14.8661],[-89.1718,14.6069],[-89.3626,14.416],[-89.8727,14.0456],[-90.0952,13.7365],[-90.6069,13.929],[-91.146,13.9256],[-91.8191,14.2282],[-92.2352,14.5454]]]},"properties":{"ADMIN":"Guatemala","ISO_A2":"GT","ADM0_A3":"GTM"}},{"type":"Feature","geometry":{"type":"Polygon","coordinates":[[[-61.7155,12.0126],[-61.715,12.1852],[-61.607,12.2233],[-61.6271,12.054],[-61.7155,12.0126]]]},"properties":{"ADMIN":"Grenada","ISO_A2":"GD","ADM0_A3":"GRD"}},{"type":"Feature","geometry":{"type":"MultiPolygon","coordinates":[[[[23.4154,38.9586],[24.099,38.671],[23.7588,38.4012],[23.2521,38.8012],[23.4154,38.9586]]],[[[26.4102,39.3294],[26.4688,38.9728],[25.9063,39.139],[26.4102,39.3294]]],[[[23.8522,35.5354],[24.166,35.5952],[24.3129,35.3638],[24.7213,35.4248],[25.4757,35.3062],[25.745,35.1427],[24.7998,34.9345],[24.4637,35.1604],[23.5616,35.2952],[23.8522,35.5354]]],[[[26.3209,41.7166],[26.6249,41.4018],[26.3307,41.2388],[26.3311,40.9545],[26.039,40.7268],[25.8557,40.8441],[25.1045,40.9947],[24.793,40.8575],[24.3838,40.9127],[23.8789,40.5444],[23.6646,40.2238],[23.312,40.2165],[22.6295,40.4956],[22.5922,40.0369],[22.919,39.6289],[22.9655,39.0309],[22.774,38.8004],[23.2529,38.6612],[23.967,38.275],[24.0554,37.7096],[23.5805,38.0105],[23.1937,37.959],[23.1615,37.3338],[22.765,37.3933],[23.0735,36.775],[22.6084,36.7797],[22.4891,36.5682],[22.0805,37.029],[21.8924,36.7373],[21.5829,37.081],[21.5713,37.541],[21.145,37.9193],[21.4037,38.1967],[21.8247,38.3281],[22.7996,37.9812],[23.1221,38.0733],[22.4217,38.4385],[21.4726,38.3214],[21.1132,38.3847],[20.7769,38.8075],[20.7797,39.0085],[20.3008,39.3271],[20.0013,39.7094],[20.6574,40.1174],[21.0311,40.6586],[20.9643,40.8499],[21.5758,40.8689],[21.9295,41.1074],[22.7248,41.1785],[22.916,41.3363],[23.6352,41.3868],[24.0561,41.5272],[25.2512,41.2436],[26.1552,41.4349],[26.3209,41.7166]]]]},"properties":{"ADMIN":"Greece","ISO_A2":"GR","ADM0_A3":"GRC"}},{"type":"Feature","geometry":{"type":"Polygon","coordinates":[[[-0.0686,11.1156],[-0.0577,10.6306],[0.3627,10.2365],[0.2619,9.4956],[0.529,9.3583],[0.4153,8.6527],[0.6881,8.3042],[0.5836,8.1458],[0.6348,7.3537],[0.5256,6.8509],[0.7369,6.4526],[1.1872,6.0894],[0.9497,5.8103],[0.2597,5.7573],[-0.3487,5.5008],[-0.7977,5.2267],[-1.6385,4.9809],[-2.0019,4.7625],[-3.0191,5.1308],[-2.7952,5.1845],[-2.7937,5.6001],[-2.9623,5.643],[-3.2006,6.3482],[-3.2358,6.8072],[-2.9858,7.2049],[-2.7897,7.9319],[-2.5059,8.2087],[-2.6004,8.8004],[-2.7467,9.1096],[-2.6958,9.4813],[-2.766,9.6581],[-2.7866,10.4019],[-2.9149,10.5923],[-2.8299,10.9984],[-0.7014,10.989],[-0.2995,11.1669],[-0.0686,11.1156]]]},"properties":{"ADMIN":"Ghana","ISO_A2":"GH","ADM0_A3":"GHA"}},{"type":"Feature","geometry":{"type":"Polygon","coordinates":[[[9.524,47.5242],[8.6179,47.7661],[8.1982,47.6069],[7.6156,47.5927],[7.5842,48.0643],[7.838,48.636],[8.1349,48.9736],[7.4506,49.1522],[6.7354,49.1606],[6.3443,49.4527],[6.4873,49.7985],[6.1165,50.121],[6.3645,50.3162],[5.9939,50.7504],[5.8947,50.9842],[6.1933,51.4889],[5.9485,51.7624],[6.7418,51.9109],[7.0352,52.3802],[7.1973,53.2823],[7.2853,53.6813],[8.0093,53.6907],[8.5385,53.5569],[8.8978,53.8357],[8.9572,54.5383],[8.6703,54.9034],[9.7397,54.8255],[10.3604,54.4383],[11.3996,53.9446],[12.1113,54.1683],[12.5754,54.4674],[13.0286,54.411],[13.8655,53.8534],[14.2589,53.7296],[14.4146,53.2835],[14.1286,52.8782],[14.6194,52.5285],[14.7525,52.0818],[14.6017,51.8324],[15.0166,51.2527],[14.8094,50.859],[14.369,50.8987],[12.4526,50.3498],[12.2773,50.1814],[12.3905,49.7396],[12.632,49.4612],[13.8147,48.7669],[13.4094,48.3941],[12.8143,48.1608],[12.9535,47.8906],[12.6858,47.6693],[11.7168,47.5835],[11.2979,47.4249],[10.4304,47.5411],[10.3128,47.3134],[9.7489,47.5755],[9.524,47.5242]]]},"properties":{"ADMIN":"Germany","ISO_A2":"DE","ADM0_A3":"DEU"}},{"type":"Feature","geometry":{"type":"Polygon","coordinates":[[[43.4395,41.1071],[42.7879,41.5637],[42.4664,41.4398],[41.5101,41.5175],[41.763,41.97],[41.4888,42.6593],[40.8366,43.0635],[40.524,43.121],[39.9783,43.4198],[40.1502,43.5698],[40.648,43.5339],[41.5806,43.2192],[42.419,43.2242],[43.7826,42.747],[43.9574,42.5666],[44.5059,42.7486],[44.871,42.7564],[45.3438,42.5298],[45.7275,42.475],[45.6386,42.2051],[46.4299,41.891],[46.1821,41.6571],[46.6189,41.3438],[46.4579,41.0702],[45.281,41.4496],[45.0014,41.291],[43.4395,41.1071]]]},"properties":{"ADMIN":"Georgia","ISO_A2":"GE","ADM0_A3":"GEO"}},{"type":"Feature","geometry":{"type":"Polygon","coordinates":[[[-16.5623,13.5873],[-15.5097,13.5862],[-15.4269,13.727],[-14.9358,13.7852],[-14.4055,13.5037],[-13.9774,13.5435],[-13.8475,13.3353],[-14.2468,13.2358],[-15.1511,13.5565],[-15.2862,13.396],[-15.8144,13.3251],[-15.8343,13.1564],[-16.6488,13.1542],[-16.7633,13.0642],[-16.8248,13.3411],[-16.5623,13.5873]]]},"properties":{"ADMIN":"Gambia","ISO_A2":"GM","ADM0_A3":"GMB"}},{"type":"Feature","geometry":{"type":"Polygon","coordinates":[[[13.2936,2.1616],[13.1627,1.6481],[13.2741,1.241],[13.8514,1.4188],[14.1809,1.3702],[14.4345,0.8115],[14.0875,0.5366],[13.8846,0.1908],[13.8601,-0.2033],[14.0694,-0.2701],[14.4806,-0.6184],[14.4106,-0.9721],[14.4556,-1.4132],[14.384,-1.89],[14.0874,-2.4669],[13.8869,-2.4654],[13.7844,-2.1638],[13.4649,-2.3954],[12.992,-2.3134],[12.7936,-1.9318],[12.4321,-1.9289],[12.4464,-2.33],[12.0645,-2.4126],[11.5752,-2.3971],[11.5378,-2.8367],[11.7602,-2.9831],[11.9342,-3.3186],[11.6857,-3.682],[11.5043,-3.5203],[11.1302,-3.9163],[10.3477,-3.0131],[9.6246,-2.3671],[9.2656,-1.8251],[9.3307,-1.5346],[9.0646,-1.2983],[8.8214,-0.7084],[9.1365,-0.5733],[9.2967,-0.3513],[9.5908,1.032],[11.3354,0.9997],[11.3287,2.1674],[11.3484,2.2997],[13.2203,2.2564],[13.2936,2.1616]]]},"properties":{"ADMIN":"Gabon","ISO_A2":"GA","ADM0_A3":"GAB"}},{"type":"Feature","geometry":{"type":"MultiPolygon","coordinates":[[[[9.4804,42.8054],[9.5507,42.1297],[9.1861,41.3849],[8.8075,41.5884],[8.7131,42.5498],[9.4804,42.8054]]],[[[7.6156,47.5927],[7.0006,47.3225],[6.0603,46.4282],[6.7581,46.4158],[7.0211,45.9258],[6.8045,45.8146],[7.1534,45.4009],[6.6277,45.118],[7.0307,44.7167],[6.9673,44.28],[7.6771,44.0832],[7.4932,43.7671],[7.4387,43.7504],[7.4145,43.7709],[7.3777,43.7317],[6.494,43.1693],[6.1159,43.0724],[5.4065,43.2285],[5.0598,43.4445],[4.6287,43.3871],[4.0526,43.5931],[3.2589,43.1932],[3.0518,42.9151],[3.2114,42.4312],[2.0327,42.3535],[1.7061,42.5033],[1.4283,42.5959],[0.6969,42.8451],[0.6316,42.6896],[-0.0412,42.6891],[-0.2993,42.8253],[-1.2854,43.0596],[-1.794,43.4073],[-1.4849,43.5638],[-1.2455,44.5599],[-1.066,45.8057],[-1.1463,46.3114],[-1.7865,46.5148],[-2.0594,46.8103],[-2.0189,47.0376],[-3.1588,47.6947],[-3.9009,47.8375],[-4.3121,47.8229],[-4.6292,48.0858],[-4.3932,48.3676],[-4.7208,48.5399],[-3.2314,48.8408],[-2.6923,48.5368],[-2.4462,48.6483],[-1.4376,48.6414],[-1.5831,49.2024],[-1.8564,49.6838],[-1.2586,49.6802],[-1.1385,49.3879],[-0.1635,49.2968],[0.2776,49.4633],[0.1867,49.703],[1.2455,49.9982],[1.5516,50.2939],[1.5795,50.7393],[1.9125,50.9906],[2.5249,51.0971],[2.6691,50.8114],[3.1068,50.7794],[3.2733,50.5315],[4.1746,50.2465],[4.1761,49.9603],[4.6562,50.0024],[4.8676,49.7881],[5.5073,49.5109],[5.7897,49.5383],[6.3443,49.4527],[6.7354,49.1606],[7.4506,49.1522],[8.1349,48.9736],[7.838,48.636],[7.5842,48.0643],[7.6156,47.5927]]],[[[55.7974,-21.3394],[55.3627,-21.2736],[55.3113,-20.9041],[55.6619,-20.9062],[55.7974,-21.3394]]],[[[-54.6163,2.3268],[-54.402,2.4615],[-54.1955,2.8179],[-54.2031,3.1382],[-53.9905,3.5896],[-54.3507,4.0541],[-54.4496,4.485],[-54.4522,5.0135],[-54.156,5.359],[-53.8472,5.7822],[-53.4544,5.5635],[-52.8993,5.425],[-52.2905,4.9422],[-51.9196,4.5243],[-51.6525,4.0613],[-51.9906,3.702],[-52.7006,2.3637],[-52.9648,2.1835],[-53.7678,2.3548],[-54.1301,2.121],[-54.6163,2.3268]]]]},"properties":{"ADMIN":"France","ISO_A2":"-99","ADM0_A3":"FRA"}},{"type":"Feature","geometry":{"type":"Polygon","coordinates":[[[-56.2671,46.8385],[-56.3869,47.068],[-56.2874,47.071],[-56.3149,46.9539],[-56.2671,46.8385]]]},"properties":{"ADMIN":"Saint Pierre and Miquelon","ISO_A2":"PM","ADM0_A3":"SPM"}},{"type":"Feature","geometry":{"type":"Polygon","coordinates":[[[-178.0467,-14.3184],[-178.1586,-14.3119],[-178.1422,-14.2426],[-178.0467,-14.3184]]]},"properties":{"ADMIN":"Wallis and Futuna","ISO_A2":"WF","ADM0_A3":"WLF"}},{"type":"Feature","geometry":{"type":"Polygon","coordinates":[[[-63.0112,18.0689],[-63.123,18.0689],[-63.0631,18.1153],[-63.0112,18.0689]]]},"properties":{"ADMIN":"Saint Martin","ISO_A2":"MF","ADM0_A3":"MAF"}},{"type":"Feature","geometry":{"type":"Polygon","coordinates":[[[-62.8319,17.8765],[-62.8654,17.9183],[-62.7997,17.9087],[-62.8319,17.8765]]]},"properties":{"ADMIN":"Saint Barthelemy","ISO_A2":"BL","ADM0_A3":"BLM"}},{"type":"Feature","geometry":{"type":"Polygon","coordinates":[[[-149.3215,-17.69],[-149.5789,-17.735],[-149.6114,-17.5316],[-149.3792,-17.5224],[-149.3215,-17.69]]]},"properties":{"ADMIN":"French Polynesia","ISO_A2":"PF","ADM0_A3":"PYF"}},{"type":"Feature","geometry":{"type":"Polygon","coordinates":[[[164.2023,-20.2461],[164.4359,-20.2822],[165.1918,-20.7688],[165.6628,-21.2672],[166.3033,-21.6372],[166.9424,-22.0901],[166.7741,-22.3762],[166.1767,-22.0892],[166.0961,-21.9566],[165.242,-21.5255],[164.4547,-20.8291],[164.1697,-20.4802],[164.2023,-20.2461]]]},"properties":{"ADMIN":"New Caledonia","ISO_A2":"NC","ADM0_A3":"NCL"}},{"type":"Feature","geometry":{"type":"Polygon","coordinates":[[[69.1849,-49.1096],[69.5424,-49.2557],[70.3202,-49.0586],[70.2977,-49.4248],[69.9156,-49.3485],[69.6129,-49.651],[68.8721,-49.4443],[68.7695,-49.0659],[69.1849,-49.1096]]]},"properties":{"ADMIN":"French Southern and Antarctic Lands","ISO_A2":"TF","ADM0_A3":"ATF"}},{"type":"Feature","geometry":{"type":"Polygon","coordinates":[[[19.9896,60.3512],[20.2589,60.2613],[19.746,60.099],[19.6869,60.2676],[19.9896,60.3512]]]},"properties":{"ADMIN":"Aland","ISO_A2":"AX","ADM0_A3":"ALD"}},{"type":"Feature","geometry":{"type":"Polygon","coordinates":[[[24.1555,65.8053],[23.7012,66.4808],[23.9886,66.8105],[23.4681,67.45],[23.6389,67.9544],[22.7824,68.391],[21.9975,68.5206],[20.6222,69.0369],[21.6218,69.2707],[22.4109,68.7199],[23.324,68.649],[23.854,68.8059],[24.9414,68.5933],[25.7483,68.9901],[26.0115,69.6526],[26.5254,69.915],[27.8899,70.0617],[29.1416,69.6714],[29.3334,69.473],[28.9658,69.022],[28.4707,68.4884],[28.6852,68.1898],[29.3438,68.0619],[29.9412,67.5475],[29.087,66.9709],[29.9034,66.0911],[30.0953,65.6817],[29.7159,65.6246],[29.6042,64.9684],[30.0729,64.765],[30.1081,64.3661],[30.5039,64.0206],[30.0554,63.689],[31.1809,63.2083],[31.534,62.8854],[31.2856,62.5678],[29.6901,61.5461],[27.7977,60.5361],[27.2419,60.5387],[25.6564,60.3332],[25.1559,60.1941],[23.7218,59.9657],[22.7935,60.0768],[22.5759,60.3591],[21.436,60.5964],[21.3605,60.9675],[21.606,61.5916],[21.256,61.9896],[21.3537,62.2238],[21.1036,62.6229],[22.2433,63.4379],[23.2487,63.8961],[24.2783,64.5153],[24.5579,64.801],[25.3727,65.0095],[25.3479,65.4792],[24.1555,65.8053]]]},"properties":{"ADMIN":"Finland","ISO_A2":"FI","ADM0_A3":"FIN"}},{"type":"Feature","geometry":{"type":"MultiPolygon","coordinates":[[[[179.9992,-16.1686],[179.7481,-16.4463],[179.9279,-16.7444],[179.0068,-16.9002],[178.8051,-16.6314],[179.5518,-16.2499],[180,-16.1529],[179.9992,-16.1686]]],[[[178.2802,-17.372],[178.5916,-17.6515],[178.6677,-18.0809],[178.1602,-18.2502],[177.8471,-18.2549],[177.3214,-18.0775],[177.264,-17.8635],[177.618,-17.461],[178.2802,-17.372]]]]},"properties":{"ADMIN":"Fiji","ISO_A2":"FJ","ADM0_A3":"FJI"}},{"type":"Feature","geometry":{"type":"Polygon","coordinates":[[[35.2684,5.4923],[35.0819,5.6731],[34.7106,6.6603],[34.0643,7.2257],[33.6661,7.671],[33.226,7.7606],[33.0126,7.9515],[33.2343,8.3964],[33.9533,8.4435],[34.0945,8.5822],[34.0781,9.4615],[34.2915,10.1248],[34.2757,10.5281],[34.5719,10.8802],[34.9314,10.8648],[34.9607,11.2768],[35.1123,11.8166],[35.5961,12.5373],[36.1075,12.7265],[36.2122,13.2711],[36.3906,13.6261],[36.5243,14.2568],[37.0245,14.272],[37.2572,14.4538],[37.5712,14.1491],[37.8842,14.8523],[38.5044,14.4244],[39.0742,14.6282],[39.198,14.4794],[39.5318,14.5367],[40.2215,14.4312],[40.7695,14.1445],[41.3629,13.4998],[41.765,13.1839],[41.9521,12.8823],[42.3785,12.4664],[41.7665,11.5891],[41.7982,10.9805],[41.9574,10.941],[42.5577,11.0808],[42.9228,10.9993],[42.6596,10.6214],[42.8416,10.2031],[43.1816,9.88],[43.4825,9.3795],[44.0229,8.986],[44.8936,8.7002],[46.9782,7.9971],[47.9782,7.9971],[46.9712,7.026],[45.935,5.9972],[44.9405,4.912],[44.0281,4.951],[43.5835,4.855],[43.1257,4.6445],[42.7916,4.292],[42.0241,4.1379],[41.884,3.9777],[41.2209,3.9436],[40.7652,4.273],[39.8422,3.8515],[39.4944,3.4561],[38.0861,3.6488],[36.9056,4.4115],[36.0819,4.4497],[35.7631,4.808],[35.745,5.344],[35.2684,5.4923]]]},"properties":{"ADMIN":"Ethiopia","ISO_A2":"ET","ADM0_A3":"ETH"}},{"type":"Feature","geometry":{"type":"MultiPolygon","coordinates":[[[[27.352,57.5281],[26.5326,57.531],[25.9911,57.8382],[25.111,58.0634],[24.3226,57.8706],[24.5291,58.3542],[23.7676,58.3608],[23.5093,58.6585],[23.4944,59.1957],[24.3804,59.4727],[25.4438,59.5211],[25.5093,59.639],[26.9747,59.4506],[28.0125,59.4843],[27.4271,58.7331],[27.4878,58.2701],[27.7528,57.841],[27.352,57.5281]]],[[[22.6174,58.6212],[23.2929,58.4835],[22.1877,58.1543],[22.0813,58.4781],[22.6174,58.6212]]]]},"properties":{"ADMIN":"Estonia","ISO_A2":"EE","ADM0_A3":"EST"}},{"type":"Feature","geometry":{"type":"Polygon","coordinates":[[[36.5243,14.2568],[36.4268,15.1321],[36.5218,15.2501],[36.9138,16.2962],[36.8878,16.6247],[37.009,17.0589],[37.411,17.0617],[37.7824,17.458],[38.2535,17.5848],[38.6095,18.0051],[38.9117,17.4271],[39.1426,16.7292],[39.2989,15.9211],[39.5065,15.5321],[39.8638,15.4703],[40.2041,15.0141],[41.1765,14.6203],[41.6582,13.9831],[42.2451,13.5876],[42.7962,12.8643],[43.1167,12.7086],[42.6701,12.3766],[42.3785,12.4664],[41.9521,12.8823],[41.765,13.1839],[41.3629,13.4998],[40.7695,14.1445],[40.2215,14.4312],[39.5318,14.5367],[39.198,14.4794],[39.0742,14.6282],[38.5044,14.4244],[37.8842,14.8523],[37.5712,14.1491],[37.2572,14.4538],[37.0245,14.272],[36.5243,14.2568]]]},"properties":{"ADMIN":"Eritrea","ISO_A2":"ER","ADM0_A3":"ERI"}},{"type":"Feature","geometry":{"type":"MultiPolygon","coordinates":[[[[8.7357,3.7583],[8.9461,3.6275],[8.704,3.2236],[8.4749,3.2646],[8.7357,3.7583]]],[[[11.3287,2.1674],[11.3354,0.9997],[9.5908,1.032],[9.3859,1.1393],[9.807,1.9275],[9.8008,2.3044],[9.9799,2.1678],[11.3287,2.1674]]]]},"properties":{"ADMIN":"Equatorial Guinea","ISO_A2":"GQ","ADM0_A3":"GNQ"}},{"type":"Feature","geometry":{"type":"Polygon","coordinates":[[[-89.3626,14.416],[-89.0571,14.3292],[-88.5125,13.979],[-88.151,13.9874],[-87.7153,13.8127],[-87.8142,13.3992],[-87.9309,13.1807],[-88.512,13.1839],[-89.2776,13.4781],[-89.8042,13.5601],[-90.0952,13.7365],[-89.8727,14.0456],[-89.3626,14.416]]]},"properties":{"ADMIN":"El Salvador","ISO_A2":"SV","ADM0_A3":"SLV"}},{"type":"Feature","geometry":{"type":"Polygon","coordinates":[[[36.8714,21.9967],[35.2309,21.9964],[33.9185,21.9962],[31.4345,21.9959],[29.5646,21.9951],[28.4186,21.9953],[26.5084,21.9956],[24.9803,21.9959],[24.9803,23.7924],[24.9803,26.038],[24.9803,27.8345],[24.9803,29.1819],[24.7265,30.2506],[24.9739,30.7766],[24.8527,31.3348],[25.1505,31.655],[25.3822,31.5128],[25.8933,31.6209],[27.248,31.3779],[27.9676,31.0974],[28.5148,31.0504],[29.0721,30.8303],[29.5916,31.0115],[30.3951,31.4576],[30.7005,31.4039],[31.1939,31.5876],[32.1018,31.0928],[32.3235,31.2561],[32.6033,31.0688],[33.1299,31.1682],[33.6665,31.1304],[34.1981,31.3226],[34.2453,31.2083],[34.9043,29.4773],[34.7364,29.2706],[34.3997,28.016],[34.2201,27.7643],[33.7603,28.0477],[33.2478,28.5677],[33.0758,29.073],[32.7215,29.5218],[32.565,29.3863],[32.6318,28.9922],[32.8982,28.5652],[33.5471,27.8981],[33.5498,27.6074],[33.8931,27.0495],[33.9591,26.649],[34.5651,25.6912],[35.1941,24.4751],[35.6247,24.066],[35.5228,23.4425],[35.6979,22.9462],[36.2297,22.6288],[36.8714,21.9967]]]},"properties":{"ADMIN":"Egypt","ISO_A2":"EG","ADM0_A3":"EGY"}},{"type":"Feature","geometry":{"type":"MultiPolygon","coordinates":[[[[-75.2845,-0.1065],[-75.476,-0.1571],[-75.2632,-0.5554],[-75.5706,-1.5312],[-76.0898,-2.1331],[-76.6791,-2.5626],[-77.8606,-2.9816],[-78.3473,-3.4312],[-78.4198,-3.7769],[-78.8615,-4.665],[-79.0763,-4.9906],[-79.331,-4.9278],[-79.6385,-4.4549],[-80.1396,-4.2961],[-80.4885,-4.3937],[-80.51,-4.0695],[-80.1792,-3.8777],[-80.3247,-3.3879],[-79.9216,-3.0901],[-79.7299,-2.5791],[-80.1271,-2.5284],[-80.4501,-2.626],[-80.9628,-2.1893],[-80.7704,-2.0767],[-80.8014,-1.3834],[-80.9024,-1.0789],[-80.5539,-0.8479],[-80.4823,-0.3683],[-80.1334,-0.0061],[-80.025,0.4102],[-80.0883,0.7848],[-79.7412,0.9798],[-78.8997,1.2063],[-78.8597,1.4554],[-78.3121,1.0461],[-77.4677,0.6365],[-77.4228,0.4249],[-76.9201,0.2685],[-76.4946,0.2354],[-76.311,0.4485],[-75.8798,0.151],[-75.2845,-0.1065]]],[[[-91.2722,0.0251],[-90.7997,-0.7521],[-90.9055,-0.9405],[-91.3715,-1.017],[-91.4583,-0.7995],[-91.1447,-0.6229],[-91.3692,-0.2872],[-91.2722,0.0251]]]]},"properties":{"ADMIN":"Ecuador","ISO_A2":"EC","ADM0_A3":"ECU"}},{"type":"Feature","geometry":{"type":"Polygon","coordinates":[[[-71.7683,18.0392],[-71.7619,18.3413],[-72.0004,18.5979],[-71.7432,18.7329],[-71.657,19.1308],[-71.7792,19.7182],[-71.5578,19.8954],[-70.9541,19.914],[-70.1294,19.6361],[-69.9568,19.6719],[-69.7394,19.2992],[-69.3228,19.2011],[-68.6848,18.9048],[-68.3593,18.5381],[-68.6588,18.222],[-68.935,18.408],[-69.7707,18.4436],[-70.1831,18.2518],[-70.6447,18.3362],[-71.0278,18.2732],[-71.3957,17.6461],[-71.7683,18.0392]]]},"properties":{"ADMIN":"Dominican Republic","ISO_A2":"DO","ADM0_A3":"DOM"}},{"type":"Feature","geometry":{"type":"Polygon","coordinates":[[[-61.2817,15.249],[-61.4812,15.5251],[-61.32,15.5851],[-61.2817,15.249]]]},"properties":{"ADMIN":"Dominica","ISO_A2":"DM","ADM0_A3":"DMA"}},{"type":"Feature","geometry":{"type":"Polygon","coordinates":[[[43.246,11.4998],[42.9228,10.9993],[42.5577,11.0808],[41.9574,10.941],[41.7982,10.9805],[41.7665,11.5891],[42.3785,12.4664],[42.6701,12.3766],[43.1167,12.7086],[43.4098,12.1899],[43.2721,11.9695],[42.799,11.7394],[43.246,11.4998]]]},"properties":{"ADMIN":"Djibouti","ISO_A2":"DJ","ADM0_A3":"DJI"}},{"type":"Feature","geometry":{"type":"MultiPolygon","coordinates":[[[[-29.9529,83.5648],[-25.9474,83.2896],[-24.4703,82.8774],[-21.5207,82.5954],[-25.1488,82.0011],[-21.338,82.0687],[-21.1466,81.6952],[-17.2262,81.4304],[-15.5555,81.8336],[-12.1929,81.6491],[-11.5288,81.424],[-14.5036,80.7633],[-16.7606,80.5734],[-16.8684,80.1982],[-19.4292,80.2577],[-20.1385,79.8034],[-19.2836,79.6832],[-19.075,79.1523],[-20.9557,78.555],[-20.8626,77.9119],[-20.2319,77.3684],[-18.339,77.2153],[-18.5103,76.7782],[-20.9421,76.887],[-21.8773,76.5735],[-21.5691,76.2937],[-20.1036,76.2191],[-19.509,75.7575],[-19.426,75.2298],[-20.485,75.3143],[-19.2251,74.4795],[-19.3691,74.284],[-22.2706,74.0299],[-20.3673,73.8482],[-20.5097,73.4929],[-22.1851,73.2699],[-22.0363,72.9185],[-22.2932,72.1195],[-24.069,72.4987],[-24.6668,72.4374],[-22.0133,71.6888],[-21.7522,71.4783],[-21.5227,70.5262],[-23.3278,70.451],[-23.7918,70.5552],[-24.377,71.1464],[-25.6559,71.53],[-25.7422,71.1836],[-26.7179,70.9505],[-27.6888,70.9935],[-28.5409,70.4769],[-28.015,70.4022],[-26.7473,70.4755],[-26.4157,70.2213],[-25.5299,70.3532],[-23.1732,70.1146],[-23.0882,69.883],[-23.709,69.6272],[-25.544,69.0457],[-26.3414,68.7021],[-29.2495,68.2988],[-29.8685,68.3116],[-30.9786,68.0613],[-32.1373,68.3849],[-32.2748,67.9229],[-33.157,67.6267],[-34.1017,66.7259],[-34.6328,66.4348],[-36.3792,65.8308],[-37.7542,65.5931],[-39.9609,65.5562],[-39.5779,65.3408],[-40.6555,64.9153],[-40.1822,64.4799],[-40.6178,64.1317],[-40.5504,63.7252],[-41.0487,63.5138],[-41.1077,63.2738],[-42.153,62.5685],[-42.3215,62.1527],[-42.1102,61.8572],[-42.4187,61.537],[-42.717,60.7675],[-43.1565,60.3329],[-43.3201,59.9281],[-44.0655,59.9248],[-45.3792,60.2029],[-45.5903,60.5188],[-46.0466,60.6157],[-46.0117,61.0968],[-46.8745,60.8164],[-47.7962,60.8289],[-48.9221,61.2774],[-49.2891,61.5899],[-49.5535,62.2327],[-50.3192,62.4732],[-50.3383,62.8288],[-51.4688,63.6423],[-51.4511,63.9048],[-52.0934,64.4159],[-52.259,65.1549],[-53.1063,65.9771],[-53.6147,66.1545],[-53.6347,66.4137],[-53.0383,66.8268],[-53.8844,67.1355],[-53.4188,67.5746],[-53.578,67.8368],[-53.1516,68.2078],[-53.0395,68.6109],[-51.2494,68.7399],[-51.077,69.2095],[-50.5,69.9358],[-52.2546,70.0589],[-53.023,70.3019],[-54.0145,70.4217],[-54.1658,70.8201],[-52.802,70.7506],[-51.5245,70.4395],[-51.1301,70.9717],[-53.117,71.3129],[-53.476,71.6402],[-54.6891,71.3672],[-55.594,71.5535],[-55.3156,72.1107],[-55.6017,72.4535],[-54.7904,72.6416],[-54.7379,72.8725],[-55.6686,73.0079],[-55.2972,73.2623],[-56.1041,73.5582],[-55.9295,73.8954],[-56.7063,74.2192],[-56.8013,74.6717],[-58.6035,75.3853],[-58.5162,75.6891],[-61.1882,76.1579],[-63.4389,76.3395],[-66.8262,75.9688],[-68.1487,76.067],[-69.3729,76.3319],[-69.2521,76.6861],[-70.7928,76.8691],[-70.8628,77.1754],[-68.9783,77.1953],[-68.1355,77.3796],[-66.4531,77.3931],[-66.6912,77.6812],[-69.3514,77.4671],[-71.6499,77.8998],[-72.8181,78.1943],[-72.3956,78.5043],[-68.9935,78.8574],[-67.4822,79.1169],[-65.9679,79.1324],[-65.4199,79.3402],[-64.7923,80.0006],[-66.8437,80.0762],[-66.9959,80.413],[-64.5155,81],[-62.9933,81.207],[-61.436,81.1336],[-61.2029,81.7469],[-58.7174,82.0931],[-54.7259,82.3514],[-52.7756,82.3217],[-50.8944,81.8952],[-49.6943,81.9721],[-50.9899,82.4602],[-48.8612,82.4054],[-45.2911,81.8288],[-44.2389,82.3682],[-46.4782,82.9519],[-43.1946,83.2551],[-32.9844,83.5996],[-29.9529,83.5648]]],[[[-52.7312,69.9447],[-52.0453,69.8072],[-52.1126,69.4891],[-53.5784,69.2566],[-53.7831,69.5063],[-54.8041,69.6305],[-54.8305,70.1611],[-54.3716,70.3173],[-53.3751,70.2213],[-52.7312,69.9447]]],[[[-25.4323,70.9213],[-25.4022,70.6527],[-27.898,70.454],[-27.7089,70.8971],[-26.9756,70.8627],[-25.8189,71.0437],[-25.4323,70.9213]]],[[[-18.0005,75.4073],[-17.586,74.9928],[-18.6708,75.0017],[-18.8561,75.3191],[-18.0005,75.4073]]]]},"properties":{"ADMIN":"Greenland","ISO_A2":"GL","ADM0_A3":"GRL"}},{"type":"Feature","geometry":{"type":"Polygon","coordinates":[[[-6.6311,62.2279],[-7.0136,62.094],[-7.1722,62.2856],[-6.6311,62.2279]]]},"properties":{"ADMIN":"Faroe Islands","ISO_A2":"FO","ADM0_A3":"FRO"}},{"type":"Feature","geometry":{"type":"MultiPolygon","coordinates":[[[[12.5688,55.7851],[12.215,55.4665],[12.0504,54.8153],[11.6538,55.1869],[11.2863,55.2044],[10.9789,55.7215],[12.2189,56.1187],[12.5688,55.7851]]],[[[9.7397,54.8255],[8.6703,54.9034],[8.6159,55.4182],[8.1321,55.5998],[8.164,56.6069],[8.6186,57.1113],[9.5543,57.2325],[9.9623,57.581],[10.5371,57.4485],[10.2961,56.9991],[10.2827,56.6205],[10.8459,56.5217],[10.8564,56.2955],[10.3188,56.2129],[10.183,55.8652],[9.5911,55.4932],[9.7397,54.8255]]],[[[10.6451,55.6098],[10.7853,55.1334],[9.9888,55.1632],[9.8606,55.5155],[10.6451,55.6098]]]]},"properties":{"ADMIN":"Denmark","ISO_A2":"DK","ADM0_A3":"DNK"}},{"type":"Feature","geometry":{"type":"Polygon","coordinates":[[[18.8322,49.5108],[18.1609,49.2574],[17.7585,48.8881],[17.1885,48.8609],[16.9531,48.5988],[16.4779,48.8001],[16.0572,48.7548],[14.9722,48.9839],[14.6913,48.5992],[14.0491,48.6025],[13.8147,48.7669],[12.632,49.4612],[12.3905,49.7396],[12.2773,50.1814],[12.4526,50.3498],[14.369,50.8987],[14.8094,50.859],[15.3544,50.8118],[16.0072,50.6116],[16.6791,50.0975],[17.152,50.3783],[17.8748,49.9723],[18.5624,49.8793],[18.8322,49.5108]]]},"properties":{"ADMIN":"Czechia","ISO_A2":"CZ","ADM0_A3":"CZE"}},{"type":"Feature","geometry":{"type":"Polygon","coordinates":[[[34.0045,35.0652],[33.5257,35.0387],[33.3838,35.1627],[32.7127,35.171],[32.9416,35.3904],[33.942,35.292],[34.0045,35.0652]]]},"properties":{"ADMIN":"Northern Cyprus","ISO_A2":"-99","ADM0_A3":"CYN"}},{"type":"Feature","geometry":{"type":"Polygon","coordinates":[[[32.7127,35.171],[33.3838,35.1627],[33.5257,35.0387],[34.0045,35.0652],[32.9418,34.5759],[32.449,34.7294],[32.3172,34.9533],[32.7127,35.171]]]},"properties":{"ADMIN":"Cyprus","ISO_A2":"CY","ADM0_A3":"CYP"}},{"type":"Feature","geometry":{"type":"MultiPolygon","coordinates":[[[[-81.8375,23.163],[-81.1786,23.0597],[-80.6501,23.1031],[-80.0752,22.9423],[-79.6767,22.7431],[-79.2757,22.4076],[-78.6865,22.3668],[-77.865,21.9006],[-77.4973,21.8716],[-76.6474,21.2845],[-75.7229,21.111],[-75.6428,20.7335],[-74.8826,20.6506],[-74.5131,20.3846],[-74.1675,20.2922],[-74.2528,20.0797],[-74.6348,20.0582],[-75.1164,19.9014],[-75.552,19.8911],[-76.1584,19.9897],[-77.7151,19.8555],[-77.2134,20.3004],[-77.2296,20.6438],[-77.9973,20.7154],[-78.4908,21.0537],[-78.6365,21.5155],[-78.8229,21.6189],[-79.2744,21.5626],[-80.2313,21.8722],[-80.4991,22.0635],[-80.9619,22.0529],[-81.8162,22.2002],[-81.9034,22.679],[-82.738,22.6893],[-83.3796,22.223],[-83.9007,22.1701],[-84.031,21.9431],[-84.3264,22.0743],[-84.3613,22.3789],[-84.0449,22.666],[-83.2578,22.9676],[-82.1014,23.1904],[-81.8375,23.163]]],[[[-82.5618,21.5717],[-82.8532,21.4439],[-83.0825,21.7914],[-82.7146,21.8903],[-82.5618,21.5717]]]]},"properties":{"ADMIN":"Cuba","ISO_A2":"CU","ADM0_A3":"CUB"}},{"type":"Feature","geometry":{"type":"MultiPolygon","coordinates":[[[[13.5779,45.5169],[13.8787,45.4284],[14.7336,45.5085],[15.3395,45.467],[15.2771,45.7326],[15.6248,45.834],[15.6359,46.2007],[16.5162,46.4999],[17.4063,45.9511],[17.9639,45.7703],[18.4373,45.7673],[18.9054,45.9317],[19.0551,45.5272],[19.0071,44.8692],[18.6626,45.0774],[17.8128,45.0781],[16.5307,45.2167],[16.2934,45.0088],[15.7881,45.179],[15.7366,44.7658],[16.1303,44.4737],[16.2143,44.2151],[17.6248,43.0428],[17.5852,42.9384],[16.9031,43.3924],[15.9415,43.6566],[15.4994,43.9088],[15.1229,44.2568],[15.2698,44.3835],[14.8952,44.7066],[14.8546,45.081],[14.3861,45.3421],[13.9658,44.8356],[13.6293,45.1082],[13.5779,45.5169]]],[[[18.4363,42.5597],[18.5175,42.4329],[17.6676,42.8971],[18.4363,42.5597]]]]},"properties":{"ADMIN":"Croatia","ISO_A2":"HR","ADM0_A3":"HRV"}},{"type":"Feature","geometry":{"type":"Polygon","coordinates":[[[-7.9906,10.1625],[-7.6611,10.4274],[-7.1049,10.2035],[-6.6933,10.3495],[-6.5646,10.5864],[-6.2611,10.7241],[-6.0346,10.1948],[-5.8438,10.3896],[-5.5235,10.426],[-5.0999,10.2416],[-4.9699,9.9301],[-4.6258,9.7136],[-3.8776,9.8949],[-3.2235,9.8955],[-2.8167,9.4258],[-2.6958,9.4813],[-2.7467,9.1096],[-2.6004,8.8004],[-2.5059,8.2087],[-2.7897,7.9319],[-2.9858,7.2049],[-3.2358,6.8072],[-3.2006,6.3482],[-2.9623,5.643],[-2.7937,5.6001],[-2.7952,5.1845],[-3.0191,5.1308],[-4.0372,5.2301],[-5.5647,5.0895],[-5.9138,5.0109],[-6.8452,4.6715],[-7.545,4.3513],[-7.5689,5.0807],[-7.4298,5.3245],[-7.4544,5.8413],[-7.7965,5.9751],[-7.8886,6.2349],[-8.2039,6.2907],[-8.6036,6.5078],[-8.3326,6.8016],[-8.2966,7.074],[-8.4864,7.5585],[-8.2319,7.5567],[-8.0167,8.1449],[-8.237,8.4557],[-7.8236,8.4677],[-7.951,8.7868],[-7.8962,9.4159],[-8.137,9.4957],[-8.1366,10.0221],[-7.9906,10.1625]]]},"properties":{"ADMIN":"Ivory Coast","ISO_A2":"CI","ADM0_A3":"CIV"}},{"type":"Feature","geometry":{"type":"Polygon","coordinates":[[[-82.5636,9.5767],[-82.9398,9.4492],[-82.917,8.7403],[-82.9976,8.3678],[-82.8793,8.0707],[-83.1233,8.3531],[-83.1624,8.5882],[-83.7341,8.6145],[-83.6373,9.0354],[-83.8956,9.2764],[-84.6589,9.6467],[-84.7149,9.8994],[-85.1145,9.5818],[-85.3146,9.8109],[-85.6249,9.9024],[-85.8306,10.3981],[-85.6672,10.745],[-85.7443,11.0621],[-85.6214,11.1845],[-84.9092,10.9453],[-84.7012,11.0522],[-84.3483,10.9799],[-84.1684,10.7804],[-83.8112,10.7433],[-83.642,10.9172],[-83.4482,10.4659],[-82.7784,9.6695],[-82.5636,9.5767]]]},"properties":{"ADMIN":"Costa Rica","ISO_A2":"CR","ADM0_A3":"CRI"}},{"type":"Feature","geometry":{"type":"Polygon","coordinates":[[[30.7512,-8.1937],[28.9723,-8.4649],[28.9178,-8.7006],[28.4007,-9.2248],[28.6301,-9.8312],[28.6389,-10.6692],[28.3572,-11.483],[28.4825,-11.8121],[29.0644,-12.3488],[29.4275,-12.4312],[29.7951,-12.1555],[29.7953,-13.3928],[29.5542,-13.2489],[29.0143,-13.3688],[28.3577,-12.482],[27.5334,-12.1953],[27.4236,-11.9445],[27.0461,-11.6159],[26.9496,-11.8988],[26.5964,-11.9721],[26.026,-11.8901],[25.3494,-11.623],[25.1849,-11.243],[24.5186,-11.4385],[24.3199,-11.0718],[23.9665,-10.8718],[23.8339,-11.0137],[23.4002,-10.9765],[23.1567,-11.0748],[22.561,-11.0559],[22.2788,-11.1941],[22.3024,-10.3967],[22.1978,-10.0406],[21.8132,-9.4687],[21.9054,-8.6934],[21.7801,-7.8654],[21.7511,-7.3055],[20.6078,-7.2777],[20.4822,-6.9158],[19.8752,-6.9863],[19.5276,-7.1444],[19.3408,-7.9666],[18.6534,-7.936],[17.9131,-8.0677],[17.536,-8.0759],[16.9848,-7.2574],[16.743,-6.6185],[16.7178,-6.2414],[16.3152,-5.8656],[14.3986,-5.8927],[13.0682,-5.8648],[12.4117,-5.9863],[12.2137,-5.7587],[12.5037,-5.6958],[12.5735,-4.9966],[13.0728,-4.6348],[13.4149,-4.8374],[13.9409,-4.4847],[14.3583,-4.2994],[14.4107,-4.8312],[14.7793,-4.8457],[15.1063,-4.461],[15.6001,-4.031],[15.8725,-3.9343],[16.1468,-3.4642],[16.2174,-3.0303],[16.2153,-2.1778],[16.5407,-1.8401],[16.8799,-1.2259],[17.2788,-0.9996],[17.7528,-0.549],[17.7241,-0.2775],[17.8877,0.2341],[17.9024,1.1181],[18.0578,1.5349],[18.0722,2.0133],[18.4909,2.9244],[18.6104,3.4784],[18.5675,4.2576],[19.0686,4.8914],[19.501,5.1275],[19.8065,5.0893],[20.2264,4.8296],[20.5581,4.4627],[21.5376,4.2448],[21.9082,4.2539],[22.4222,4.135],[22.7558,4.6467],[23.1159,4.7369],[23.4172,4.6631],[24.3198,4.9941],[24.7655,4.9301],[25.2493,5.0246],[25.5251,5.3121],[26.8221,5.0624],[27.1149,5.1979],[27.4033,5.1092],[27.7881,4.6447],[28.1921,4.3502],[28.4275,4.3242],[28.7271,4.505],[29.1515,4.3882],[29.4696,4.6118],[29.6769,4.5869],[30.1949,3.9819],[30.5083,3.8357],[30.8386,3.4907],[30.754,3.0418],[30.8467,2.847],[30.7286,2.4554],[31.1764,2.2701],[31.2527,2.0446],[30.9426,1.6828],[30.1829,0.9735],[29.9429,0.8192],[29.9345,0.499],[29.7177,0.0983],[29.5619,-0.9773],[29.577,-1.3879],[29.3517,-1.5176],[29.1294,-1.8603],[29.1064,-2.2332],[28.8764,-2.4003],[29.0144,-2.7202],[29.2244,-3.0535],[29.2232,-3.9108],[29.4032,-4.4493],[29.3428,-4.9831],[29.5941,-5.6508],[29.4801,-6.025],[29.7097,-6.6169],[30.1063,-6.915],[30.3132,-7.2037],[30.7512,-8.1937]]]},"properties":{"ADMIN":"Democratic Republic of the Congo","ISO_A2":"CD","ADM0_A3":"COD"}},{"type":"Feature","geometry":{"type":"Polygon","coordinates":[[[11.1302,-3.9163],[11.5043,-3.5203],[11.6857,-3.682],[11.9342,-3.3186],[11.7602,-2.9831],[11.5378,-2.8367],[11.5752,-2.3971],[12.0645,-2.4126],[12.4464,-2.33],[12.4321,-1.9289],[12.7936,-1.9318],[12.992,-2.3134],[13.4649,-2.3954],[13.7844,-2.1638],[13.8869,-2.4654],[14.0874,-2.4669],[14.384,-1.89],[14.4556,-1.4132],[14.4106,-0.9721],[14.4806,-0.6184],[14.0694,-0.2701],[13.8601,-0.2033],[13.8846,0.1908],[14.0875,0.5366],[14.4345,0.8115],[14.1809,1.3702],[13.8514,1.4188],[13.2741,1.241],[13.1627,1.6481],[13.2936,2.1616],[14.4841,2.1547],[14.9024,2.0123],[15.7416,1.915],[16.0594,1.6762],[16.1834,2.2701],[16.4686,2.8317],[16.4963,3.2088],[16.6733,3.5352],[17.438,3.6846],[18.1609,3.4998],[18.4744,3.623],[18.6104,3.4784],[18.4909,2.9244],[18.0722,2.0133],[18.0578,1.5349],[17.9024,1.1181],[17.8877,0.2341],[17.7241,-0.2775],[17.7528,-0.549],[17.2788,-0.9996],[16.8799,-1.2259],[16.5407,-1.8401],[16.2153,-2.1778],[16.2174,-3.0303],[16.1468,-3.4642],[15.8725,-3.9343],[15.6001,-4.031],[15.1063,-4.461],[14.7793,-4.8457],[14.4107,-4.8312],[14.3583,-4.2994],[13.9409,-4.4847],[13.4149,-4.8374],[13.0728,-4.6348],[12.8811,-4.4451],[12.3846,-4.6191],[12.0184,-5.0043],[11.7775,-4.5658],[11.1302,-3.9163]]]},"properties":{"ADMIN":"Republic of the Congo","ISO_A2":"CG","ADM0_A3":"COG"}},{"type":"Feature","geometry":{"type":"Polygon","coordinates":[[[43.4658,-11.9013],[43.2267,-11.7519],[43.3794,-11.6142],[43.4658,-11.9013]]]},"properties":{"ADMIN":"Comoros","ISO_A2":"KM","ADM0_A3":"COM"}},{"type":"Feature","geometry":{"type":"Polygon","coordinates":[[[-71.3197,11.8619],[-71.9581,11.6664],[-72.2485,11.1964],[-72.6901,10.8358],[-72.8693,10.4913],[-73.0065,9.7892],[-73.3563,9.2269],[-73.0584,9.2596],[-72.7964,9.109],[-72.6654,8.6276],[-72.4166,8.382],[-72.443,7.4549],[-72.2077,7.3703],[-72.0843,7.0969],[-71.0133,6.9944],[-70.6551,7.0828],[-70.095,6.9379],[-69.4393,6.1349],[-68.4718,6.1565],[-67.8592,6.2899],[-67.5681,6.2418],[-67.4394,6.0255],[-67.8249,5.2705],[-67.8553,4.5069],[-67.6616,3.8643],[-67.3111,3.4159],[-67.8348,2.8928],[-67.2108,2.3901],[-66.876,1.223],[-67.0937,1.21],[-67.0901,1.6156],[-67.352,2.0858],[-67.4997,2.1079],[-67.8151,1.7901],[-68.1766,1.7198],[-69.8486,1.7087],[-69.8521,1.0595],[-69.3614,1.064],[-69.1632,0.8641],[-70.0539,0.5786],[-70.0705,-0.1389],[-69.6675,-0.4824],[-69.4002,-1.1949],[-69.669,-2.6677],[-69.9659,-4.2359],[-70.3395,-3.8144],[-70.7351,-3.7815],[-70.074,-2.7502],[-70.0958,-2.6582],[-70.9146,-2.2186],[-71.397,-2.3341],[-71.7525,-2.1527],[-71.9843,-2.3266],[-72.3956,-2.4289],[-72.8872,-2.4085],[-73.1545,-2.2782],[-73.197,-1.8303],[-73.4963,-1.6931],[-73.6643,-1.2488],[-74.2464,-0.9706],[-74.4179,-0.5807],[-74.8018,-0.2001],[-75.2845,-0.1065],[-75.8798,0.151],[-76.311,0.4485],[-76.4946,0.2354],[-76.9201,0.2685],[-77.4228,0.4249],[-77.4677,0.6365],[-78.3121,1.0461],[-78.8597,1.4554],[-79.0254,1.6237],[-78.793,1.8487],[-78.5769,1.7738],[-78.617,2.3068],[-78.12,2.4882],[-77.67,2.8789],[-77.2428,3.5854],[-77.1666,3.8623],[-77.4273,4.0604],[-77.2863,4.7217],[-77.4018,5.4162],[-77.2493,5.7802],[-77.4694,6.1768],[-77.3599,6.5045],[-77.9012,7.2293],[-77.7439,7.537],[-77.3508,7.7059],[-77.2123,8.0339],[-77.4073,8.4272],[-77.3742,8.6583],[-76.8519,8.0905],[-76.7721,8.3105],[-76.888,8.6199],[-76.2769,8.9891],[-76.1355,9.2656],[-75.6394,9.4504],[-75.5927,9.9927],[-75.6709,10.1963],[-75.446,10.6109],[-74.8446,11.1097],[-74.4542,10.9891],[-74.0591,11.3406],[-73.3134,11.2958],[-72.7218,11.7122],[-72.275,11.8893],[-72.1357,12.1886],[-71.7146,12.42],[-71.2621,12.3353],[-71.1373,12.0463],[-71.3197,11.8619]]]},"properties":{"ADMIN":"Colombia","ISO_A2":"CO","ADM0_A3":"COL"}},{"type":"Feature","geometry":{"type":"MultiPolygon","coordinates":[[[[107.9727,21.508],[107.8021,21.6452],[107.3512,21.6089],[106.7295,22.0003],[106.5363,22.3954],[106.7803,22.7789],[106.1484,22.9701],[105.843,22.9228],[105.2754,23.3452],[104.8647,23.1364],[104.7957,22.9111],[104.3718,22.7041],[104.0539,22.7523],[103.915,22.5382],[103.6202,22.782],[103.3561,22.7547],[103.0054,22.453],[102.5172,22.741],[102.1274,22.3792],[101.6715,22.4623],[101.5245,22.2537],[101.7365,21.8265],[101.7048,21.1501],[101.2244,21.2237],[101.1389,21.5675],[100.8352,21.6552],[100.5313,21.4581],[100.2147,21.463],[99.9256,21.8208],[99.9177,22.028],[99.193,22.126],[99.3377,22.498],[99.3408,23.0959],[98.8638,23.1913],[98.8322,23.6244],[98.6809,23.8418],[98.7644,24.1161],[98.2125,24.1106],[97.686,23.8981],[97.6666,24.38],[97.5314,24.4917],[97.7149,25.0343],[98.6547,25.9178],[98.7318,26.5834],[98.6512,27.5725],[98.2988,27.5501],[98.0989,28.1423],[97.5379,28.5102],[97.3225,28.218],[96.6026,28.4599],[96.4357,29.0507],[96.0354,29.4472],[95.5158,29.2063],[95.4202,29.0543],[94.7694,29.1759],[94.623,29.3124],[93.9022,28.8032],[93.2065,28.5908],[93.1192,28.4023],[92.7019,28.1471],[92.6644,27.9489],[91.9776,27.7304],[91.6319,27.76],[91.6056,27.9517],[90.3527,28.0802],[89.9811,28.3112],[89.5369,28.1074],[88.9476,27.464],[88.8914,27.3161],[88.749,27.5219],[88.8488,27.8687],[88.6211,28.0918],[88.1098,27.8706],[87.1414,27.8383],[86.5545,28.0852],[86.4087,27.9287],[85.6783,28.2774],[85.1225,28.316],[85.1591,28.5922],[84.7143,28.5956],[84.2287,28.9118],[84.1014,29.22],[83.5835,29.1836],[83.1555,29.6126],[82.8543,29.6834],[82.159,30.1152],[82.0434,30.3268],[81.4172,30.3376],[81.0103,30.1645],[80.6821,30.4148],[80.1912,30.5684],[80.1943,30.7592],[79.7946,30.9683],[79.5654,30.9491],[79.1071,31.4026],[78.7916,31.2937],[78.7354,31.958],[78.3896,32.5199],[78.7009,32.597],[78.9189,32.3582],[79.2193,32.5011],[79.1125,33.2263],[78.8019,33.4997],[78.753,34.0877],[78.9364,34.352],[78.282,34.6539],[78.0122,35.251],[77.7994,35.4959],[77.4465,35.4756],[76.7669,35.6617],[76.2517,35.8109],[75.9451,36.0176],[75.9744,36.3824],[75.8402,36.6497],[75.4242,36.7382],[75.3467,36.9135],[74.5414,37.0222],[74.8913,37.2316],[74.8942,37.6014],[74.745,38.51],[74.2774,38.6598],[73.8017,38.6069],[73.7956,39.0021],[73.6316,39.4489],[73.9146,39.6065],[73.9916,40.0431],[74.4119,40.1372],[75.0045,40.4495],[75.5835,40.6053],[75.872,40.3032],[76.4802,40.4495],[76.824,40.9823],[77.5817,40.9928],[78.1234,41.0756],[78.3624,41.3716],[79.2936,41.7828],[80.2162,42.0324],[80.2094,42.19],[80.165,42.6655],[80.7857,43.1616],[80.3553,44.0973],[80.4555,44.7461],[80.0592,45.0064],[81.6021,45.3108],[82.4787,45.1236],[82.3267,45.5199],[82.5551,46.1587],[83.0041,47.0335],[83.1931,47.1866],[84.016,46.9705],[84.6666,46.9724],[84.7861,46.8307],[85.6566,47.2546],[85.526,47.9156],[85.7494,48.3851],[86.5494,48.5286],[86.7531,49.0088],[87.3229,49.0858],[87.8143,49.1623],[87.7432,48.8816],[87.9797,48.5551],[88.5171,48.3845],[89.0477,48.0025],[89.5609,48.004],[90.3133,47.6762],[90.4962,47.2852],[90.8699,46.9545],[91.0339,46.529],[91.0018,46.0358],[90.6618,45.5252],[90.8772,45.1961],[91.5844,45.0765],[92.7879,45.0357],[93.6564,44.901],[94.712,44.3508],[95.3503,44.2781],[95.9125,43.2065],[96.3854,42.7204],[97.2057,42.7898],[99.4679,42.5682],[99.9838,42.6773],[101.7139,42.4658],[101.9729,42.2159],[103.0729,42.006],[103.7111,41.7513],[104.4982,41.877],[104.4982,41.6587],[105.0506,41.6159],[105.1971,41.738],[106.77,42.2887],[108.1712,42.4473],[109.4432,42.456],[110.4004,42.7737],[111.0072,43.3414],[111.9332,43.7114],[111.4022,44.3673],[111.6213,44.8271],[111.898,45.0641],[112.4113,45.0582],[112.5968,44.9177],[113.587,44.7457],[114.0303,44.9426],[114.5172,45.3646],[115.6811,45.4583],[116.2406,45.796],[116.5626,46.2898],[117.3334,46.362],[118.3087,46.717],[119.7066,46.606],[119.8979,46.8578],[119.7111,47.15],[118.4984,47.984],[117.7684,47.9879],[117.3508,47.6522],[116.7605,47.8698],[116.2312,47.8582],[115.8982,47.6869],[115.5576,47.945],[115.9538,48.6894],[116.6833,49.8238],[117.8734,49.5135],[118.4516,49.8445],[119.2599,50.0664],[119.1919,50.3798],[120.0669,51.6007],[120.7498,52.0965],[120.6562,52.5667],[120.0945,52.7872],[120.7041,53.1718],[122.3378,53.485],[123.6078,53.5465],[124.8123,53.1338],[125.649,53.0423],[126.3129,52.3998],[126.8055,51.5057],[126.9248,51.1001],[127.307,50.708],[127.3061,50.4535],[127.5902,50.209],[127.5024,49.8734],[127.9996,49.5686],[128.5268,49.5942],[129.1201,49.3621],[129.4981,49.3888],[130.196,48.8917],[130.8043,48.3415],[130.7121,48.1276],[131.0027,47.6915],[131.7853,47.6805],[132.5619,47.7685],[133.144,48.1057],[133.4684,48.0972],[134.2934,48.3734],[134.5636,48.3217],[134.7523,47.7154],[134.1677,47.3022],[134.2021,47.1281],[133.8666,46.4991],[133.8613,46.2478],[133.186,45.4948],[132.936,45.0299],[131.9775,45.244],[131.0823,44.91],[131.0606,44.6597],[131.2553,44.0716],[131.2618,43.4331],[131.0686,42.9022],[130.5772,42.8116],[130.527,42.5354],[130.2403,42.8918],[129.8982,42.9981],[129.7197,42.475],[129.3137,42.4136],[128.9234,42.0382],[128.0452,41.9875],[128.2909,41.5628],[128.1494,41.3877],[127.1797,41.5313],[126.9035,41.7811],[126.6013,41.641],[126.4904,41.3581],[125.9891,40.9046],[124.8894,40.4598],[124.3621,40.0041],[124.1058,39.841],[123.3481,39.7629],[122.3349,39.3661],[121.6499,38.8651],[121.7854,39.4008],[121.5176,39.639],[122.275,40.5418],[121.8588,40.8421],[121.1745,40.9013],[120.4791,40.231],[119.5911,39.9026],[119.2246,39.4081],[118.9123,39.1664],[118.2979,39.0671],[117.7847,39.1345],[117.5578,38.6251],[118.0149,38.1834],[118.94,38.0428],[119.0892,37.7007],[118.9526,37.3312],[119.4499,37.1248],[120.3701,37.701],[120.75,37.8339],[121.6402,37.4604],[122.6023,37.4264],[122.5197,36.9468],[122.3409,36.8322],[121.9327,36.9595],[120.9899,36.5979],[120.3931,36.0539],[120.0547,35.8611],[119.4297,35.3014],[119.2158,35.0118],[119.5829,34.5822],[120.2015,34.3257],[120.5048,33.6382],[120.8711,33.0165],[120.8532,32.6614],[121.401,32.3719],[121.4039,32.2063],[121.8324,31.8998],[121.6809,31.7122],[121.352,31.8588],[121.0554,31.7194],[121.6606,31.3197],[121.8779,30.917],[121.5275,30.841],[120.9977,30.5583],[121.1594,30.3018],[121.4327,30.2267],[121.9443,29.8941],[121.9178,29.135],[121.7175,29.2563],[121.6021,28.3666],[121.0984,28.2905],[120.5875,27.5808],[120.5398,27.3184],[120.2787,27.0971],[119.8811,26.3342],[119.4631,26.0547],[119.6482,25.9187],[119.5395,25.5913],[119.0246,25.2234],[118.9091,24.9289],[118.5604,24.5804],[118.0871,24.627],[118.0561,24.2461],[117.6282,23.8367],[117.4664,23.8406],[116.5383,23.1797],[116.4707,22.9459],[115.4983,22.7188],[115.1958,22.8173],[114.8538,22.6168],[114.266,22.541],[114.0154,22.5119],[113.6196,22.8614],[113.5271,22.2459],[113.4941,22.2416],[113.4789,22.1956],[113.0082,22.1193],[112.5863,21.7769],[111.9439,21.8497],[111.6027,21.5591],[110.7711,21.3865],[110.1936,21.0376],[110.1804,20.8586],[110.5115,20.5183],[110.1231,20.2637],[109.6626,20.9169],[109.9308,21.4806],[109.544,21.5379],[109.1486,21.4255],[109.0306,21.6265],[108.3248,21.6935],[107.9727,21.508]]],[[[110.8888,19.9919],[111.0137,19.6555],[110.8223,19.5579],[110.5722,19.1719],[110.4513,18.7479],[109.5193,18.2183],[108.7016,18.5353],[108.6356,18.9077],[108.6936,19.3383],[109.1791,19.6741],[109.2189,19.8428],[110.1716,20.0537],[110.8888,19.9919]]]]},"properties":{"ADMIN":"China","ISO_A2":"CN","ADM0_A3":"CHN"}},{"type":"Feature","geometry":{"type":"Polygon","coordinates":[[[113.4789,22.1956],[113.4941,22.2416],[113.5271,22.2459],[113.4789,22.1956]]]},"properties":{"ADMIN":"Macao S.A.R","ISO_A2":"MO","ADM0_A3":"MAC"}},{"type":"Feature","geometry":{"type":"Polygon","coordinates":[[[114.0154,22.5119],[114.266,22.541],[114.268,22.2956],[114.0154,22.5119]]]},"properties":{"ADMIN":"Hong Kong S.A.R.","ISO_A2":"HK","ADM0_A3":"HKG"}},{"type":"Feature","geometry":{"type":"MultiPolygon","coordinates":[[[[-70.4183,-18.3456],[-69.9264,-18.2061],[-69.8521,-17.7038],[-69.5109,-17.5061],[-69.3134,-17.9432],[-69.0939,-18.0505],[-68.9683,-18.968],[-68.4629,-19.4328],[-68.6983,-19.7211],[-68.7452,-20.4586],[-68.197,-21.3003],[-68.1864,-21.6186],[-67.9884,-22.0571],[-67.8794,-22.8229],[-67.1949,-22.8217],[-67.0088,-23.0014],[-67.3562,-24.0338],[-68.2503,-24.392],[-68.562,-24.8377],[-68.3842,-25.0919],[-68.6003,-25.4856],[-68.4145,-26.1537],[-68.5812,-26.5184],[-68.346,-27.0279],[-68.8463,-27.1537],[-69.1744,-27.9247],[-69.6569,-28.4136],[-69.8279,-29.1032],[-70.0268,-29.324],[-69.9276,-29.7691],[-69.9563,-30.3582],[-70.1614,-30.4402],[-70.5196,-31.1484],[-70.5852,-31.5694],[-70.1696,-32.4717],[-70.0198,-33.2715],[-69.7978,-33.3986],[-69.8943,-33.7313],[-69.8524,-34.2243],[-70.0521,-34.3008],[-70.2899,-34.7328],[-70.4704,-35.3262],[-70.4048,-36.0617],[-71.0555,-36.5237],[-71.1922,-36.8437],[-71.1184,-37.1144],[-71.1676,-37.7623],[-71.0282,-38.0412],[-70.9516,-38.7385],[-71.4256,-38.9856],[-71.5395,-39.6024],[-71.7199,-39.6353],[-71.6953,-40.3353],[-71.9321,-40.6917],[-71.9113,-41.6504],[-71.7609,-42.1015],[-72.1246,-42.2983],[-72.1464,-42.99],[-71.7815,-43.1668],[-71.905,-43.4401],[-71.6801,-43.9296],[-71.82,-44.3831],[-71.2126,-44.4412],[-71.2611,-44.7631],[-71.5963,-44.9792],[-71.3538,-45.2305],[-71.7727,-45.7244],[-71.6315,-45.9537],[-71.8757,-46.1605],[-71.6952,-46.5784],[-71.9402,-46.8312],[-71.905,-47.2017],[-72.3459,-47.4927],[-72.5179,-47.8764],[-72.3547,-48.3658],[-72.6144,-48.7929],[-72.9817,-48.9768],[-73.1353,-49.3007],[-73.5763,-49.5829],[-73.5013,-50.1253],[-73.1529,-50.7383],[-72.5098,-50.6075],[-72.2763,-50.9103],[-72.4077,-51.5408],[-71.9187,-51.9896],[-69.9603,-52.0082],[-69.2062,-52.1361],[-68.4434,-52.3566],[-69.241,-52.2055],[-69.5606,-52.4216],[-70.7951,-52.7687],[-70.9958,-53.7793],[-71.2978,-53.8834],[-72.1744,-53.6323],[-72.3061,-53.2537],[-71.8527,-53.2857],[-71.4003,-53.107],[-71.3877,-52.7643],[-72.4583,-53.2545],[-73.0527,-53.2435],[-72.8892,-52.8716],[-72.4535,-52.8145],[-72.6448,-52.5291],[-73.3382,-53.0547],[-74.0145,-52.6394],[-73.8345,-52.234],[-73.5182,-52.041],[-73.9732,-51.7845],[-73.8959,-51.3314],[-74.8147,-51.0629],[-75.0947,-50.6812],[-74.3337,-49.9746],[-74.341,-48.5957],[-74.5772,-48.2744],[-74.6549,-47.7022],[-74.1584,-47.1825],[-74.1519,-46.9744],[-75.6568,-46.6104],[-74.9245,-46.1597],[-75.0667,-45.8749],[-74.1579,-45.7672],[-74.0375,-45.4177],[-73.5499,-45.4838],[-73.3625,-44.9782],[-72.739,-44.7342],[-72.6639,-44.4364],[-73.2651,-44.1687],[-72.9966,-43.6315],[-73.101,-43.4552],[-72.878,-43.0481],[-72.7852,-42.3013],[-72.4994,-41.9809],[-72.6698,-41.6594],[-73.015,-41.5438],[-73.5213,-41.7971],[-73.8107,-41.5175],[-73.9659,-41.1183],[-73.6694,-40.0823],[-73.4104,-39.7892],[-73.2265,-39.2244],[-73.5326,-38.3668],[-73.4648,-38.0403],[-73.6618,-37.6985],[-73.6017,-37.1885],[-73.216,-37.1669],[-73.1181,-36.6884],[-72.8746,-36.3904],[-72.6239,-35.5857],[-72.2238,-35.0962],[-72.0028,-34.1653],[-71.6644,-33.6526],[-71.743,-33.0951],[-71.4522,-32.6596],[-71.5259,-31.8059],[-71.662,-31.1695],[-71.6695,-30.3304],[-71.4004,-30.143],[-71.3157,-29.6497],[-71.5192,-28.9265],[-71.1864,-28.3778],[-71.0526,-27.7273],[-70.6466,-26.3294],[-70.7137,-25.7842],[-70.4454,-25.1727],[-70.5741,-24.6443],[-70.4878,-23.7817],[-70.3923,-23.5659],[-70.5881,-23.3684],[-70.5632,-23.057],[-70.3317,-22.8486],[-70.0875,-21.4931],[-70.197,-20.7254],[-70.1481,-19.8051],[-70.4183,-18.3456]]],[[[-68.6299,-52.6526],[-68.6532,-54.8536],[-69.4863,-54.8589],[-69.7234,-54.7121],[-70.4972,-54.8096],[-71.4409,-54.6196],[-70.8982,-54.3379],[-70.8677,-53.8842],[-70.5313,-53.6273],[-70.1488,-53.7611],[-69.3524,-53.48],[-69.637,-53.3341],[-70.0904,-53.4182],[-70.3907,-53.0265],[-69.7636,-52.7313],[-68.6299,-52.6526]]],[[[-67.0799,-55.1538],[-68.07,-55.2211],[-68.1069,-54.9294],[-67.2453,-54.9776],[-67.0799,-55.1538]]],[[[-73.7734,-43.3459],[-74.3549,-43.2636],[-74.2095,-42.8787],[-74.1602,-42.2164],[-74.0367,-41.7955],[-73.5278,-41.8963],[-73.4708,-42.4663],[-73.7893,-42.5857],[-73.4363,-42.9365],[-73.7734,-43.3459]]],[[[-74.4762,-49.1479],[-74.5947,-50.0066],[-75.3001,-49.8475],[-75.1842,-49.0836],[-74.7935,-48.7051],[-74.5666,-48.7548],[-74.4762,-49.1479]]],[[[-75.5103,-48.7635],[-75.6509,-48.5863],[-75.3914,-48.0197],[-75.1585,-48.6227],[-75.5103,-48.7635]]],[[[-74.5673,-48.592],[-74.923,-48.6265],[-75.2129,-48.1417],[-74.7293,-48.1259],[-74.5673,-48.592]]],[[[-72.9232,-53.4816],[-72.2054,-53.8074],[-73.3047,-53.9439],[-73.6865,-53.4269],[-72.9232,-53.4816]]],[[[-74.8229,-51.6302],[-74.5318,-51.992],[-74.8518,-52.2707],[-75.1054,-51.7889],[-74.8229,-51.6302]]],[[[-69.703,-54.919],[-68.9008,-55.0178],[-68.2827,-55.2552],[-68.2934,-55.5214],[-69.4118,-55.4442],[-69.9798,-55.1475],[-69.703,-54.919]]],[[[-71.3905,-54.0328],[-71.9724,-54.2072],[-71.9965,-53.8849],[-71.3905,-54.0328]]],[[[-73.7354,-44.3945],[-73.9833,-44.4948],[-73.7271,-45.119],[-74.0991,-45.3254],[-74.6178,-44.6479],[-74.5018,-44.4735],[-73.7354,-44.3945]]],[[[-72.9861,-44.7801],[-73.4451,-44.641],[-73.2077,-44.335],[-72.7641,-44.549],[-72.9861,-44.7801]]]]},"properties":{"ADMIN":"Chile","ISO_A2":"CL","ADM0_A3":"CHL"}},{"type":"Feature","geometry":{"type":"Polygon","coordinates":[[[23.9803,19.4966],[23.9822,17.2664],[23.9834,15.7802],[23.1052,15.7025],[22.9339,15.5331],[22.9323,15.1621],[22.6709,14.7225],[22.3815,14.5505],[22.51,14.1274],[22.1076,13.7303],[22.2281,13.3296],[21.8253,12.7905],[22.3523,12.6604],[22.5563,11.6695],[22.9227,11.3449],[22.8601,10.9197],[22.4938,10.9962],[22.0432,10.8227],[21.7065,10.5748],[21.7258,10.3666],[21.2639,9.9746],[20.7732,9.4057],[20.3421,9.1271],[19.6684,9.0209],[19.1455,9.016],[19.1087,8.6562],[18.4551,8.032],[17.6494,7.9836],[16.7848,7.551],[16.5232,7.86],[16.3789,7.6835],[15.845,7.4753],[15.4801,7.5238],[15.443,7.8519],[15.1162,8.5573],[14.3323,9.2035],[13.9772,9.6916],[14.2433,9.9797],[15.5409,9.9603],[15.2761,10.3574],[15.0299,11.1137],[15.122,11.5413],[15.0813,11.8455],[14.7612,12.6556],[14.5162,12.9797],[14.064,13.0785],[13.6063,13.7046],[13.4482,14.3807],[13.8071,14.9661],[14.368,15.7501],[15.4743,16.9084],[15.6376,18.8108],[15.7351,19.9041],[15.9488,20.3032],[15.5871,20.7333],[15.6073,20.9544],[15.1818,21.5234],[15.1723,21.9221],[14.979,22.9962],[15.9841,23.4452],[18.2313,22.3355],[20.6268,21.1526],[22.5431,20.2063],[23.9803,19.4966]]]},"properties":{"ADMIN":"Chad","ISO_A2":"TD","ADM0_A3":"TCD"}},{"type":"Feature","geometry":{"type":"Polygon","coordinates":[[[24.1474,8.6656],[24.2914,8.2914],[24.8533,8.1375],[25.2474,7.7246],[25.3807,7.3334],[25.889,7.0649],[26.3618,6.6353],[26.3086,6.4553],[26.5143,6.0692],[27.0834,5.7769],[27.4033,5.1092],[27.1149,5.1979],[26.8221,5.0624],[25.5251,5.3121],[25.2493,5.0246],[24.7655,4.9301],[24.3198,4.9941],[23.4172,4.6631],[23.1159,4.7369],[22.7558,4.6467],[22.4222,4.135],[21.9082,4.2539],[21.5376,4.2448],[20.5581,4.4627],[20.2264,4.8296],[19.8065,5.0893],[19.501,5.1275],[19.0686,4.8914],[18.5675,4.2576],[18.6104,3.4784],[18.4744,3.623],[18.1609,3.4998],[17.438,3.6846],[16.6733,3.5352],[16.4963,3.2088],[16.4686,2.8317],[16.1834,2.2701],[16.0635,2.9086],[15.775,3.1272],[15.1287,3.8269],[15.0228,4.3585],[14.709,4.6656],[14.6169,5.8651],[14.4312,6.0387],[14.7393,6.2798],[15.2459,7.2636],[15.4801,7.5238],[15.845,7.4753],[16.3789,7.6835],[16.5232,7.86],[16.7848,7.551],[17.6494,7.9836],[18.4551,8.032],[19.1087,8.6562],[19.1455,9.016],[19.6684,9.0209],[20.3421,9.1271],[20.7732,9.4057],[21.2639,9.9746],[21.7258,10.3666],[21.7065,10.5748],[22.0432,10.8227],[22.4938,10.9962],[22.8601,10.9197],[23.3123,10.3879],[23.6463,9.8229],[23.6227,9.3406],[23.4683,9.1147],[23.5373,8.8158],[24.1474,8.6656]]]},"properties":{"ADMIN":"Central African Republic","ISO_A2":"CF","ADM0_A3":"CAF"}},{"type":"Feature","geometry":{"type":"Polygon","coordinates":[[[-23.4442,15.008],[-23.7054,14.9613],[-23.7006,15.2716],[-23.4442,15.008]]]},"properties":{"ADMIN":"Cabo Verde","ISO_A2":"CV","ADM0_A3":"CPV"}},{"type":"Feature","geometry":{"type":"MultiPolygon","coordinates":[[[[-132.6555,54.1275],[-131.7025,53.9864],[-132.0113,53.2652],[-132.7475,53.3105],[-133.0522,53.7781],[-133.0639,54.144],[-132.6555,54.1275]]],[[[-131.7537,53.1956],[-131.7273,52.7564],[-132.1651,52.7833],[-132.3454,53.1361],[-131.7537,53.1956]]],[[[-127.1973,50.6404],[-125.4821,50.3168],[-124.6429,49.4287],[-123.9958,49.224],[-123.497,48.5821],[-123.5946,48.3335],[-124.6894,48.5973],[-125.8285,49.0918],[-125.8354,49.2767],[-126.5485,49.4189],[-126.6831,49.8765],[-127.1143,49.8797],[-127.4671,50.1634],[-127.8639,50.1277],[-127.9059,50.4452],[-128.2674,50.6093],[-127.9181,50.8605],[-127.1973,50.6404]]],[[[-130.0251,55.8882],[-130.7417,56.3408],[-131.5751,56.5988],[-131.8662,56.7928],[-133.8208,58.705],[-134.9437,59.2883],[-135.051,59.5787],[-135.4759,59.7933],[-136.3218,59.6048],[-136.5788,59.1522],[-137.4386,58.9031],[-137.5933,59.2263],[-139.1852,60.0836],[-141.0021,60.3002],[-141.0021,61.469],[-141.0021,63.2223],[-141.0021,65.8521],[-141.0021,68.1897],[-141.0021,69.6508],[-139.1815,69.5155],[-138.1284,69.152],[-136.7173,68.8892],[-135.8763,68.917],[-135.6915,69.3112],[-135.1408,69.4678],[-133.1631,69.4339],[-132.8403,69.6507],[-131.9341,69.7535],[-130.4984,70.1432],[-129.6483,69.9978],[-128.9714,69.7124],[-127.7649,70.2219],[-127.1385,70.2394],[-126.6122,69.7303],[-126.0638,69.4671],[-125.3569,69.626],[-124.7679,69.99],[-123.6091,69.3774],[-123.0258,69.81],[-122.0701,69.8162],[-120.9625,69.6604],[-120.2925,69.4206],[-118.8687,69.2572],[-118.0952,69.0429],[-116.0652,68.8554],[-115.6312,68.9726],[-114.4139,68.6596],[-113.9644,68.3991],[-114.7653,68.2702],[-115.1332,67.8192],[-113.6819,67.7],[-112.4352,67.6848],[-110.99,67.7908],[-110.0425,67.9772],[-109.6304,67.7327],[-108.5929,67.5909],[-107.9887,67.2564],[-108.4553,67.063],[-107.1565,66.8817],[-107.9721,67.732],[-108.261,68.1499],[-108.6866,68.2773],[-108.3135,68.6108],[-106.1645,68.9199],[-105.5398,68.7187],[-105.4286,68.4583],[-104.1936,68.0312],[-103.4741,68.115],[-102.692,67.8116],[-101.555,67.6932],[-100.4561,67.8395],[-99.0322,67.7188],[-98.4171,67.8265],[-97.4549,67.617],[-97.2065,67.8551],[-98.4384,68.0647],[-98.2186,68.3174],[-97.2659,68.4529],[-96.9767,68.2554],[-96.036,68.1578],[-96.3714,67.5539],[-95.7825,67.1938],[-95.2587,67.2625],[-95.6505,67.7375],[-95.4607,68.0214],[-94.7444,68.0709],[-93.6517,68.5431],[-93.6814,68.8873],[-94.2708,69.4551],[-96.1191,69.8719],[-96.5456,70.3272],[-96.2264,70.5417],[-96.5489,70.8087],[-96.4057,71.2736],[-95.2012,71.9037],[-94.3083,71.7649],[-92.9487,71.2621],[-92.9814,70.8522],[-91.5641,70.1783],[-92.7509,69.7139],[-91.912,69.5313],[-90.5549,69.5045],[-90.8221,69.2905],[-90.4684,68.8638],[-90.5736,68.4747],[-89.8795,68.5215],[-89.6666,69.0146],[-89.0567,69.2661],[-88.0414,68.8117],[-87.8103,68.4042],[-88.347,68.2883],[-88.1959,67.7658],[-87.2663,67.1838],[-86.5364,67.5162],[-85.9526,68.0725],[-85.7338,68.6301],[-84.8622,69.074],[-85.3868,69.2319],[-85.5074,69.8453],[-84.2417,69.835],[-83.6653,69.6997],[-82.6184,69.6911],[-82.642,69.4584],[-81.3287,69.1199],[-81.2815,68.6572],[-82.5527,68.4465],[-81.9765,67.862],[-81.2701,67.4599],[-81.4676,67.0699],[-82.6415,66.5875],[-84.4784,66.1793],[-85.4422,66.5374],[-86.6332,66.5313],[-86.0429,66.0226],[-87.2915,65.3548],[-87.97,65.3489],[-89.7494,65.936],[-89.9241,65.7803],[-88.974,65.3483],[-87.0275,65.1981],[-87.2805,64.8262],[-88.1056,64.1833],[-88.653,64.0094],[-90.1419,63.982],[-90.0134,63.8043],[-91.3301,63.5068],[-90.7466,63.3516],[-90.8712,62.9459],[-91.449,62.8041],[-92.3613,62.8194],[-93.4206,61.7058],[-94.0607,61.3178],[-94.0678,61.1389],[-94.6468,60.4164],[-94.7858,59.9533],[-94.7134,58.9033],[-94.2871,58.716],[-93.2781,58.7564],[-92.249,57.009],[-91.1113,57.2412],[-90.5922,57.2245],[-89.7908,56.9813],[-88.9485,56.8513],[-88.0751,56.4673],[-87.5609,56.0563],[-85.6767,55.6011],[-85.0609,55.2856],[-83.9106,55.3146],[-82.5774,55.1487],[-82.2194,54.8135],[-82.4181,54.3558],[-82.1415,53.8176],[-82.2604,52.9611],[-81.5994,52.4326],[-81.6612,52.2939],[-80.658,51.7584],[-80.368,51.3299],[-79.8362,51.1733],[-79.4976,51.5699],[-78.9777,51.7338],[-78.4917,52.2521],[-78.7238,52.6277],[-79.2418,54.0989],[-79.6655,54.6975],[-78.9092,54.8815],[-77.8911,55.2364],[-77.325,55.5555],[-76.6505,56.1072],[-76.5196,56.707],[-76.5729,57.1812],[-77.1568,58.0189],[-78.5151,58.6824],[-78.4305,58.9018],[-77.7607,59.38],[-77.7262,59.6759],[-77.3118,60.0424],[-77.8715,60.7858],[-77.7362,61.4374],[-78.1372,62.1074],[-78.0681,62.3554],[-77.3724,62.5725],[-75.8169,62.3159],[-74.6899,62.1834],[-73.63,62.4542],[-72.0814,61.7283],[-71.4227,61.1589],[-70.2793,61.0687],[-69.4334,60.8143],[-69.7595,60.4402],[-69.6302,59.8218],[-69.6819,59.3417],[-69.1735,58.8966],[-68.6982,58.9045],[-68.3265,58.5954],[-67.5696,58.2135],[-66.6079,58.5489],[-65.6062,59.1107],[-65.4334,59.7765],[-64.9312,60.252],[-64.4994,60.2683],[-63.5399,59.3329],[-63.1854,58.8578],[-62.5938,58.474],[-62.3057,57.9723],[-61.8991,57.8613],[-61.8511,57.3813],[-61.3337,57.0106],[-61.5146,56.3903],[-61.0894,55.8664],[-60.8318,55.9579],[-59.9303,55.2594],[-58.9971,55.1495],[-58.7802,54.8384],[-58.1953,54.8659],[-57.4044,54.5704],[-58.1514,54.3504],[-57.4161,54.1627],[-57.149,53.8477],[-56.465,53.765],[-56.1102,53.5876],[-55.7979,53.212],[-55.8336,52.3104],[-55.6952,52.1378],[-56.976,51.4577],[-57.7696,51.4259],[-58.5104,51.2951],[-59.1654,50.7799],[-60.0802,50.2546],[-61.2897,50.202],[-62.7154,50.3017],[-64.8679,50.2755],[-65.2686,50.32],[-66.4955,50.2119],[-66.9412,49.9937],[-67.372,49.3484],[-68.2819,49.1972],[-68.9291,48.829],[-69.775,48.0981],[-69.9056,47.8322],[-70.7059,47.1398],[-71.2678,46.7959],[-71.8796,46.6868],[-72.981,46.2097],[-73.4766,45.7382],[-74.0378,45.5019],[-73.9738,45.3451],[-74.7089,45.0039],[-75.1794,44.8994],[-76.4646,44.0576],[-76.82,43.6288],[-78.7204,43.625],[-79.1719,43.4666],[-79.0367,42.8023],[-80.2476,42.366],[-81.2776,42.2092],[-82.4391,41.6749],[-82.69,41.6752],[-83.1419,41.9759],[-83.0731,42.3003],[-82.5453,42.6247],[-82.1378,43.5709],[-82.5511,45.3474],[-83.5927,45.8171],[-83.616,46.1168],[-83.9778,46.0849],[-84.1922,46.5496],[-84.5618,46.4574],[-84.876,46.8999],[-87.208,47.8485],[-88.3782,48.3031],[-89.4557,47.9962],[-90.8403,48.2005],[-91.5183,48.0583],[-93.0517,48.6199],[-93.7077,48.5254],[-94.6209,48.7426],[-94.8543,49.3046],[-95.1621,48.9917],[-97.9562,48.9932],[-101.3673,48.9931],[-103.0728,48.9931],[-105.2047,48.9931],[-106.9103,48.9931],[-109.0421,48.9931],[-111.1741,48.9931],[-112.8796,48.9931],[-115.4379,48.9931],[-117.1434,48.9931],[-119.7017,48.993],[-122.7888,48.993],[-123.0492,48.993],[-123.3356,49.4592],[-123.8589,49.4829],[-124.1416,49.7927],[-124.7824,50.0201],[-125.0567,50.4187],[-126.4045,50.5299],[-126.3971,50.8071],[-127.0576,50.8675],[-127.7081,51.1512],[-127.6449,51.4785],[-128.1022,51.7884],[-128.3576,52.1589],[-128.1088,52.8581],[-128.452,52.8766],[-128.6523,53.2438],[-129.2843,53.3932],[-129.5637,53.2515],[-130.3353,53.7239],[-130.0433,54.1335],[-130.4303,54.421],[-129.8901,55.1646],[-130.093,55.6318],[-130.0251,55.8882]]],[[[-109.816,78.6504],[-109.3905,78.3367],[-113.15,78.4084],[-110.4078,78.7566],[-109.816,78.6504]]],[[[-110.4581,78.1032],[-109.7718,77.9574],[-110.1985,77.5245],[-111.952,77.3442],[-113.1644,77.5303],[-113.1871,77.9124],[-110.4581,78.1032]]],[[[-115.5513,77.3633],[-116.2205,76.6111],[-119.3679,76.2218],[-119.9129,75.8588],[-121.9082,76.0348],[-122.774,76.2277],[-121.6138,76.4415],[-119.0902,77.3051],[-117.4186,77.3174],[-116.3626,77.5428],[-115.5513,77.3633]]],[[[-108.2924,76.0571],[-107.1357,75.8786],[-106.3966,76.0601],[-105.4809,75.7457],[-105.8626,75.1916],[-107.1534,74.9271],[-108.8313,75.0649],[-110.9409,74.6387],[-112.5193,74.4168],[-113.5141,74.4301],[-114.4518,75.0879],[-115.7289,74.9681],[-117.6001,75.2717],[-116.6098,76.0737],[-115.5807,76.4375],[-114.1939,76.4515],[-113.8235,76.2068],[-112.6976,76.2017],[-111.0527,75.5485],[-109.0864,75.5065],[-109.796,75.863],[-109.4868,76.1447],[-110.27,76.417],[-109.3385,76.76],[-108.467,76.7376],[-108.2924,76.0571]]],[[[-114.5215,72.5929],[-113.5,72.6944],[-112.7536,72.986],[-111.2697,72.7137],[-110.2051,72.6613],[-110.0084,72.9836],[-108.6983,72.4993],[-108.2104,71.7512],[-107.306,71.8947],[-107.6958,72.1493],[-108.2382,73.1058],[-107.72,73.3291],[-106.4821,73.1962],[-105.4151,72.7883],[-105.2341,72.4151],[-104.3496,71.434],[-104.5696,71.1041],[-103.9535,70.7626],[-103.105,70.5103],[-101.1485,70.1476],[-100.9351,69.7153],[-102.1821,69.8459],[-102.6211,69.5515],[-101.9755,69.407],[-101.8571,69.024],[-103.4682,68.8085],[-105.0196,69.0813],[-106.1409,69.162],[-106.6591,69.4396],[-107.4399,69.0021],[-108.9459,68.7598],[-111.3109,68.542],[-113.1277,68.4941],[-113.6168,68.8385],[-113.6941,69.195],[-115.159,69.2647],[-116.5135,69.4246],[-117.104,69.8042],[-117.1354,70.1001],[-114.5923,70.3125],[-112.6379,70.2252],[-112.1142,70.4469],[-113.7573,70.6907],[-115.9909,70.5863],[-117.5871,70.6295],[-118.2641,70.8883],[-117.8141,71.1584],[-118.8684,71.6868],[-118.9446,71.9855],[-118.2135,72.2629],[-118.3745,72.5339],[-116.5732,73.0549],[-114.6382,73.3727],[-114.0517,73.071],[-114.5215,72.5929]]],[[[-119.7363,74.1126],[-117.9659,74.2661],[-117.1988,74.1711],[-115.5107,73.6188],[-115.4469,73.4389],[-118.9616,72.6841],[-119.4078,72.3604],[-120.1799,72.2126],[-120.6193,71.5058],[-122.9365,71.088],[-124.0078,71.6774],[-125.7626,72.1375],[-124.9871,72.588],[-124.8364,73.0763],[-123.7973,73.7682],[-124.6962,74.3482],[-121.3152,74.53],[-119.7363,74.1126]]],[[[-69.4889,83.0168],[-64.7768,82.8765],[-63.0854,82.5652],[-61.3925,82.4419],[-62.1767,82.0434],[-64.574,81.7337],[-65.484,81.2848],[-70.1435,80.3977],[-71.3878,79.7618],[-75.2595,79.421],[-75.0936,79.2039],[-76.2559,79.0068],[-74.4331,78.7241],[-75.866,78.0098],[-78.0126,77.946],[-78.0762,77.519],[-79.3409,77.1584],[-78.2889,76.978],[-78.2843,76.5712],[-80.6903,76.1765],[-81.1707,76.5127],[-83.8857,76.4531],[-85.1413,76.3046],[-89.5701,76.4919],[-89.4998,76.8268],[-88.3981,77.104],[-86.8738,77.2003],[-88.0947,77.7192],[-87.018,77.8922],[-87.5518,78.1766],[-86.8079,78.7744],[-84.3161,78.9753],[-84.1974,79.2251],[-85.0898,79.6122],[-86.4208,79.8452],[-86.3072,80.3193],[-83.7236,80.229],[-80.0511,80.5286],[-83.4014,80.714],[-85.3074,80.526],[-89.0617,80.8295],[-89.9473,81.1727],[-88.9784,81.5415],[-91.6476,81.6838],[-90.4902,81.8772],[-86.5806,82.1872],[-84.8968,82.4494],[-82.5369,82.2473],[-82.1225,82.6018],[-79.8863,82.9385],[-77.4796,82.8832],[-75.7449,83.0472],[-69.9699,83.1161],[-69.4889,83.0168]]],[[[-95.4844,77.792],[-93.301,77.7398],[-93.5196,77.4744],[-95.9871,77.4841],[-95.4844,77.792]]],[[[-93.5426,75.0279],[-93.5472,74.6911],[-94.6973,74.6422],[-96.2701,74.9203],[-96.5658,75.0987],[-95.6708,75.5287],[-94.4272,75.5934],[-93.5426,75.0279]]],[[[-100.0019,73.9459],[-99.158,73.7316],[-97.5818,73.8875],[-97.0017,73.6665],[-97.7959,73.2853],[-97.0518,72.6368],[-96.6134,71.8338],[-98.6629,71.3021],[-99.1671,71.3672],[-100.5945,72.1523],[-101.7239,72.3149],[-102.7137,72.7829],[-101.9225,73.057],[-101.3506,72.7463],[-100.4848,72.7729],[-100.2827,73.1203],[-101.4509,73.431],[-100.9151,73.8054],[-100.0019,73.9459]]],[[[-84.9196,65.2611],[-83.4071,65.1039],[-82.6676,64.7803],[-82.05,64.6443],[-81.7161,64.0219],[-80.829,64.0899],[-80.3021,63.7622],[-81.0464,63.4616],[-82.3781,63.7068],[-82.4671,63.927],[-83.4943,64.0992],[-83.7283,63.8134],[-84.6329,63.3092],[-85.4955,63.1391],[-85.7142,63.658],[-87.1889,63.6723],[-86.2521,64.1369],[-86.3743,64.5658],[-85.9617,65.7042],[-85.2411,65.7955],[-84.9196,65.2611]]],[[[-97.7009,76.4665],[-97.4096,75.5521],[-97.7994,75.1167],[-98.5687,75.0093],[-100.2344,75.0077],[-100.7119,75.4063],[-102.5414,75.5136],[-101.4313,75.992],[-102.1377,76.2849],[-100.3879,76.6136],[-99.0236,76.6146],[-97.7009,76.4665]]],[[[-103.426,79.3156],[-99.6094,78.5831],[-99.7514,78.303],[-99.1664,77.8569],[-100.586,77.8918],[-101.0741,78.1938],[-102.7313,78.371],[-104.3242,78.2695],[-103.5184,78.7691],[-105.5356,79.0325],[-105.3877,79.3236],[-103.426,79.3156]]],[[[-91.8855,81.1329],[-90.643,80.5937],[-87.675,80.3721],[-87.1442,79.6626],[-85.5014,79.5303],[-85.2898,79.2084],[-87.0165,78.8987],[-88.791,78.1924],[-90.6144,78.1499],[-92.6783,78.3891],[-95.1032,79.2899],[-95.297,79.6531],[-96.4627,79.8475],[-96.7732,80.1358],[-95.6145,80.3962],[-96.1328,80.6914],[-95.2698,81.0008],[-91.8855,81.1329]]],[[[-94.295,76.9125],[-92.7163,76.603],[-91.305,76.6808],[-90.8548,76.4373],[-89.2845,76.3016],[-90.2514,76.0535],[-88.2013,75.512],[-87.2569,75.6177],[-86.0687,75.5022],[-83.932,75.8189],[-82.1537,75.8311],[-80.322,75.6291],[-79.6602,75.4495],[-79.508,74.8801],[-80.2777,74.5816],[-81.8088,74.4766],[-83.5319,74.5857],[-84.4255,74.5081],[-88.423,74.4941],[-88.7778,74.7152],[-89.8444,74.5486],[-91.9616,74.7932],[-92.4271,75.3464],[-92.1851,75.8465],[-93.0917,76.354],[-95.2739,76.2644],[-96.6397,76.7029],[-96.7583,76.9718],[-95.6382,77.0638],[-94.295,76.9125]]],[[[-96.2045,78.5313],[-94.8872,78.3452],[-95.087,77.9926],[-96.9896,77.806],[-98.2549,78.4292],[-98.2121,78.8045],[-96.2045,78.5313]]],[[[-93.1708,74.161],[-92.2227,73.9724],[-91.088,74.0093],[-90.3546,73.8687],[-92.1179,72.7538],[-93.3406,72.8019],[-94.0375,72.0288],[-95.193,72.0274],[-95.5476,72.7815],[-95.6329,73.6955],[-94.9735,74.0414],[-93.1708,74.161]]],[[[-97.4395,69.6427],[-96.3,69.3444],[-95.6856,68.7358],[-96.4016,68.4707],[-97.472,68.5437],[-99.254,68.8632],[-99.5641,69.0341],[-98.456,69.3347],[-98.5482,69.545],[-97.7907,69.8616],[-97.4395,69.6427]]],[[[-61.1052,45.9447],[-60.8061,45.7381],[-60.4724,45.9465],[-60.5049,46.2039],[-59.865,46.1595],[-60.0158,45.8805],[-60.3861,45.6546],[-61.2837,45.5739],[-61.4953,45.9415],[-60.8702,46.7968],[-60.3317,46.7678],[-60.5769,46.1722],[-61.1052,45.9447]]],[[[-67.1249,45.1694],[-67.4726,45.2759],[-67.4327,45.6031],[-67.7847,45.7017],[-67.8068,47.0828],[-68.3109,47.3545],[-68.8287,47.2033],[-69.2429,47.463],[-70.0077,46.7089],[-70.2962,45.9061],[-70.898,45.2625],[-71.3273,45.2901],[-71.5175,45.0076],[-74.7089,45.0039],[-73.5581,45.4251],[-73.1596,46.0101],[-71.9009,46.6319],[-71.2612,46.7563],[-70.5195,47.0325],[-68.9871,48.275],[-67.5609,48.856],[-66.1782,49.2131],[-65.5234,49.2662],[-64.8363,49.1917],[-64.2618,48.9219],[-64.2538,48.5504],[-65.2594,48.0212],[-65.9267,48.1889],[-65.6665,47.6961],[-65.2282,47.8113],[-64.7032,47.7249],[-64.9122,47.3687],[-65.3189,47.1012],[-64.9058,46.8879],[-64.5415,46.2403],[-63.2928,45.752],[-62.7007,45.7406],[-62.4831,45.6218],[-61.9555,45.8682],[-61.4923,45.687],[-61.2838,45.2355],[-62.514,44.8437],[-63.7611,44.4864],[-64.2861,44.5503],[-64.3782,44.3036],[-64.8624,43.8679],[-65.7381,43.5607],[-66.1257,43.8138],[-66.0996,44.3675],[-65.6567,44.7603],[-64.4488,45.2561],[-64.8979,45.626],[-65.8845,45.2229],[-66.8725,45.0673],[-67.1249,45.1694]]],[[[-55.4587,51.5365],[-55.8714,50.9074],[-56.694,50.0597],[-56.2471,50.0901],[-55.7647,49.9604],[-55.892,49.5803],[-55.0262,49.3054],[-54.5791,49.4908],[-53.9577,49.4418],[-53.5734,49.1412],[-53.8529,48.8113],[-53.7946,48.5264],[-53.0208,48.5716],[-53.5312,48.2319],[-53.695,47.9212],[-52.955,48.0293],[-53.1755,47.653],[-52.6537,47.5494],[-53.0698,46.6813],[-53.6164,46.6803],[-53.5813,46.9573],[-54.1737,46.8804],[-53.8691,47.387],[-53.989,47.7562],[-54.4345,47.4623],[-54.8566,47.385],[-55.3157,46.9057],[-55.7885,46.8672],[-55.1908,47.449],[-55.8621,47.5301],[-56.2213,47.6714],[-56.9525,47.5745],[-58.3332,47.6769],[-59.1169,47.5707],[-59.3624,47.8657],[-58.7106,48.325],[-58.7165,48.598],[-58.2134,49.3867],[-58.0158,49.5425],[-57.4655,50.4637],[-56.7502,51.2749],[-56.0256,51.5684],[-55.4587,51.5365]]],[[[-86.5894,71.0108],[-85.6438,71.1524],[-84.7896,71.0933],[-84.66,71.5861],[-85.9116,71.9865],[-85.3411,72.4215],[-85.6445,72.7745],[-85.0184,73.3355],[-82.6596,73.7296],[-81.3441,73.5978],[-80.2747,72.7456],[-80.9412,72.2102],[-79.0002,72.272],[-78.001,72.6876],[-76.8935,72.7207],[-75.2942,72.4809],[-74.9032,72.1005],[-73.7136,71.7199],[-71.6407,71.5163],[-70.7925,71.1033],[-70.5609,70.7383],[-69.1687,70.7642],[-67.3637,70.0344],[-67.2216,69.7307],[-68.114,69.7543],[-68.513,69.5773],[-66.7708,69.3367],[-67.7517,69.0387],[-68.0379,68.5507],[-67.033,68.3261],[-66.2252,67.9587],[-64.5275,67.8127],[-64.008,67.3473],[-63.0401,67.235],[-63.2584,67.0247],[-62.3797,66.9054],[-61.9686,67.019],[-61.2997,66.6487],[-61.8627,66.3128],[-61.9916,66.0353],[-62.6589,65.6399],[-63.3643,65.5432],[-63.4018,65.1185],[-64.6653,65.1689],[-65.4016,65.764],[-65.3054,66.0084],[-66.477,66.2797],[-67.3112,66.3038],[-67.1832,66.0344],[-68.2568,65.9386],[-67.3034,65.4829],[-66.8606,65.0916],[-65.2748,64.6315],[-65.0106,64.0088],[-64.6785,64.028],[-64.5144,63.264],[-65.0689,63.2635],[-65.2658,62.7151],[-65.9789,63.0007],[-66.6364,63.0801],[-67.8379,63.4492],[-68.4937,63.7255],[-68.9111,63.7032],[-68.1413,63.1723],[-67.676,63.0936],[-66.2812,62.3027],[-66.2567,61.8683],[-67.4401,62.1513],[-68.3786,62.2352],[-69.0823,62.4052],[-69.5452,62.7446],[-70.2361,62.7634],[-71.2537,63.0425],[-71.973,63.4299],[-72.2229,63.7089],[-73.4437,64.4235],[-74.5125,64.6702],[-75.0674,64.4567],[-76.7238,64.242],[-77.7912,64.3671],[-78.1746,64.6177],[-78.0956,64.9393],[-77.4475,65.1616],[-77.3267,65.4531],[-75.8283,65.2271],[-73.5607,65.5429],[-74.4339,66.139],[-73.0333,66.7282],[-72.7888,67.0306],[-72.22,67.2543],[-73.3282,68.2667],[-74.6479,68.7075],[-74.9173,68.9829],[-76.4034,68.6923],[-75.7872,69.3187],[-77.1288,69.6527],[-79.0664,70.6036],[-79.3973,70.4373],[-78.8098,70.1786],[-79.6159,69.8947],[-81.0983,70.0912],[-82.1387,69.8412],[-83.0912,70.0039],[-83.8591,69.9627],[-86.322,70.1454],[-86.6243,70.4013],[-87.9007,70.2519],[-88.8484,70.5229],[-89.3655,71.0672],[-88.0386,70.9513],[-87.8725,71.2085],[-89.0793,71.2879],[-89.8458,71.4923],[-90.0252,71.9488],[-89.8615,72.4119],[-89.2632,73.069],[-87.7198,73.7229],[-86.7687,73.834],[-84.9745,73.6948],[-86.0865,73.2603],[-86.6293,72.8708],[-86.0361,71.7709],[-85.0234,71.3532],[-86.5894,71.0108]]],[[[-61.8011,49.0939],[-62.2195,49.0791],[-63.0415,49.225],[-63.5659,49.3993],[-64.1314,49.9417],[-62.8585,49.7055],[-61.8171,49.2835],[-61.8011,49.0939]]],[[[-63.8113,46.4687],[-63.1294,46.4222],[-62.1636,46.4872],[-62.8784,46.0014],[-63.641,46.2305],[-63.8113,46.4687]]],[[[-82.0005,62.9542],[-82.1137,62.6522],[-83.0158,62.2099],[-83.6989,62.1603],[-83.8993,62.4765],[-83.3764,62.9049],[-82.0005,62.9542]]],[[[-79.5453,62.4117],[-79.3239,62.0261],[-79.7143,61.6125],[-80.2652,61.8182],[-80.0216,62.343],[-79.5453,62.4117]]],[[[-75.6759,68.3225],[-75.1538,68.234],[-75.1273,67.5373],[-75.7801,67.2835],[-77.0049,67.2669],[-77.3059,67.7061],[-76.7402,68.2313],[-75.6759,68.3225]]],[[[-79.5373,73.6545],[-78.2865,73.6658],[-77.2065,73.4996],[-76.2896,73.081],[-76.4005,72.8207],[-77.8359,72.8968],[-79.5005,72.756],[-80.1833,73.2247],[-80.8242,73.3807],[-80.8489,73.7212],[-79.5373,73.6545]]],[[[-80.7317,52.7473],[-81.8391,52.9579],[-81.8473,53.1863],[-81.1356,53.2058],[-80.7317,52.7473]]],[[[-78.9356,56.2661],[-79.1755,55.8851],[-79.7647,55.8068],[-80.0008,55.9321],[-79.5963,56.2445],[-78.9356,56.2661]]],[[[-105.2889,72.9199],[-106.9215,73.4798],[-106.614,73.6956],[-105.5123,73.7658],[-104.6488,73.6144],[-104.5829,73.3539],[-105.2889,72.9199]]],[[[-102.2273,76.0149],[-103.3147,75.7642],[-104.3506,76.1823],[-102.5841,76.2816],[-102.2273,76.0149]]],[[[-73.6217,67.7838],[-74.5734,67.8287],[-74.3794,68.0935],[-73.4353,67.97],[-73.6217,67.7838]]],[[[-79.2106,68.8455],[-78.5967,69.3706],[-78.229,69.304],[-79.2106,68.8455]]]]},"properties":{"ADMIN":"Canada","ISO_A2":"CA","ADM0_A3":"CAN"}},{"type":"Feature","geometry":{"type":"Polygon","coordinates":[[[8.5559,4.7552],[8.801,5.1975],[9.0602,6.0091],[9.66,6.532],[9.7799,6.7602],[10.1436,6.9964],[10.4823,6.8913],[10.6063,7.0631],[11.0325,6.6979],[11.1533,6.4379],[11.5517,6.6973],[11.7674,7.2723],[12.016,7.5897],[12.2334,8.2823],[12.4035,8.5956],[12.8065,8.8866],[12.9295,9.4263],[13.1755,9.5396],[13.2699,10.0362],[13.4146,10.1714],[13.5354,10.6051],[13.8921,11.1401],[14.5598,11.4923],[14.6271,12.1087],[14.5189,12.2982],[14.1975,12.3838],[14.064,13.0785],[14.5162,12.9797],[14.7612,12.6556],[15.0813,11.8455],[15.122,11.5413],[15.0299,11.1137],[15.2761,10.3574],[15.5409,9.9603],[14.2433,9.9797],[13.9772,9.6916],[14.3323,9.2035],[15.1162,8.5573],[15.443,7.8519],[15.4801,7.5238],[15.2459,7.2636],[14.7393,6.2798],[14.4312,6.0387],[14.6169,5.8651],[14.709,4.6656],[15.0228,4.3585],[15.1287,3.8269],[15.775,3.1272],[16.0635,2.9086],[16.1834,2.2701],[16.0594,1.6762],[15.7416,1.915],[14.9024,2.0123],[14.4841,2.1547],[13.2936,2.1616],[13.2203,2.2564],[11.3484,2.2997],[11.3287,2.1674],[9.9799,2.1678],[9.8008,2.3044],[9.8762,3.3098],[9.4253,3.9223],[9.0001,4.0916],[8.9028,4.4352],[8.5559,4.7552]]]},"properties":{"ADMIN":"Cameroon","ISO_A2":"CM","ADM0_A3":"CMR"}},{"type":"Feature","geometry":{"type":"Polygon","coordinates":[[[107.5194,14.7051],[107.3314,14.1266],[107.6055,13.4378],[107.4754,13.0304],[107.5064,12.3646],[107.159,12.2771],[106.9307,12.0775],[106.4139,11.9484],[106.3398,11.6818],[106.0061,11.758],[105.8515,11.635],[105.8561,11.2943],[106.168,11.0123],[106.0988,10.7973],[105.7551,10.99],[105.3865,10.9401],[104.8506,10.5345],[104.4264,10.4112],[104.2624,10.5413],[103.5322,10.6046],[103.7219,10.8901],[103.5324,11.1467],[103.1528,10.9137],[103.1255,11.4606],[102.9339,11.7067],[102.7366,12.0898],[102.7557,12.4263],[102.4996,12.67],[102.3197,13.54],[102.7289,13.8419],[102.9093,14.1367],[103.1994,14.3326],[104.779,14.4278],[105.1833,14.3462],[105.9045,13.9245],[106.1247,14.0491],[105.9789,14.343],[106.5015,14.5782],[106.8199,14.3147],[107.5194,14.7051]]]},"properties":{"ADMIN":"Cambodia","ISO_A2":"KH","ADM0_A3":"KHM"}},{"type":"Feature","geometry":{"type":"Polygon","coordinates":[[[100.1225,20.3167],[99.8903,20.4244],[99.3379,20.0789],[99.0207,20.0418],[98.9167,19.7729],[98.2391,19.6907],[97.8168,19.46],[97.7061,18.9318],[97.754,18.6208],[97.485,18.4942],[97.7197,18.0374],[97.793,17.6813],[98.4389,16.9757],[98.6893,16.3054],[98.5924,16.0507],[98.5652,15.4036],[98.191,15.2041],[98.246,14.8147],[98.57,14.3599],[98.9336,14.0499],[99.1368,13.7167],[99.2198,12.7397],[99.4051,12.5479],[99.6147,11.7812],[99.1901,11.1053],[98.7572,10.6609],[98.7025,10.1904],[98.523,10.3531],[98.4649,10.6758],[98.6756,10.9869],[98.7414,11.5917],[98.6363,11.7384],[98.6963,12.2252],[98.576,13.1619],[98.2454,13.7335],[97.8123,14.8589],[97.7104,15.8755],[97.5843,16.0196],[97.6196,16.5372],[97.3759,16.5229],[97.1783,17.062],[96.9701,17.3173],[96.8106,16.7784],[96.6225,16.5639],[95.7633,16.169],[95.3896,15.7228],[94.9426,15.8183],[94.5875,16.2888],[94.2143,16.1266],[94.589,17.5693],[94.4308,18.2017],[94.07,18.8934],[93.7055,19.0269],[93.9981,19.4409],[93.3623,20.0583],[93.002,20.0749],[92.7356,20.5627],[92.3241,20.7918],[92.1796,21.2931],[92.5935,21.4673],[92.5749,21.9781],[92.9646,22.0038],[93.162,22.3602],[93.0787,22.7182],[93.366,23.1325],[93.4149,23.6821],[93.3073,24.0219],[94.1276,23.8765],[94.2931,24.3219],[94.7076,25.0487],[94.6229,25.41],[94.992,25.7705],[95.1324,26.0413],[95.1287,26.5973],[95.9053,27.0466],[96.0614,27.2171],[96.6657,27.3393],[96.8997,27.6438],[97.3352,27.9377],[97.3225,28.218],[97.5379,28.5102],[98.0989,28.1423],[98.2988,27.5501],[98.6512,27.5725],[98.7318,26.5834],[98.6547,25.9178],[97.7149,25.0343],[97.5314,24.4917],[97.6666,24.38],[97.686,23.8981],[98.2125,24.1106],[98.7644,24.1161],[98.6809,23.8418],[98.8322,23.6244],[98.8638,23.1913],[99.3408,23.0959],[99.3377,22.498],[99.193,22.126],[99.9177,22.028],[99.9256,21.8208],[100.2147,21.463],[100.5313,21.4581],[100.8352,21.6552],[101.1389,21.5675],[100.7566,21.3126],[100.2493,20.7303],[100.1225,20.3167]]]},"properties":{"ADMIN":"Myanmar","ISO_A2":"MM","ADM0_A3":"MMR"}},{"type":"Feature","geometry":{"type":"Polygon","coordinates":[[[30.5536,-2.4001],[30.4242,-2.6416],[30.515,-2.9176],[30.7803,-2.9849],[30.7902,-3.2746],[30.425,-3.5889],[30.1472,-4.0854],[29.7178,-4.4559],[29.4032,-4.4493],[29.2232,-3.9108],[29.2244,-3.0535],[29.0144,-2.7202],[29.3902,-2.8086],[29.8682,-2.7164],[29.9302,-2.3396],[30.5536,-2.4001]]]},"properties":{"ADMIN":"Burundi","ISO_A2":"BI","ADM0_A3":"BDI"}},{"type":"Feature","geometry":{"type":"Polygon","coordinates":[[[0.9005,10.9933],[0.4842,10.992],[-0.0686,11.1156],[-0.2995,11.1669],[-0.7014,10.989],[-2.8299,10.9984],[-2.9149,10.5923],[-2.7866,10.4019],[-2.766,9.6581],[-2.6958,9.4813],[-2.8167,9.4258],[-3.2235,9.8955],[-3.8776,9.8949],[-4.6258,9.7136],[-4.9699,9.9301],[-5.0999,10.2416],[-5.5235,10.426],[-5.4905,11.0424],[-5.2999,11.206],[-5.2881,11.8279],[-4.7979,12.0321],[-4.4287,12.3376],[-4.4806,12.6722],[-4.2271,12.7937],[-4.3287,13.119],[-4.0512,13.3824],[-3.5758,13.1942],[-3.3018,13.2808],[-3.1984,13.6729],[-2.9171,13.6795],[-2.8739,13.9507],[-2.4572,14.2741],[-2.1132,14.1685],[-1.973,14.4565],[-1.7678,14.486],[-1.0496,14.8195],[-0.7604,15.0478],[-0.2359,15.0594],[0.2175,14.9115],[0.1639,14.4972],[0.3825,14.2458],[0.6182,13.7034],[0.9777,13.552],[0.9873,13.0419],[1.5649,12.6354],[1.9562,12.7074],[2.2263,12.4661],[2.0914,12.278],[2.3892,11.8971],[1.9804,11.4184],[1.4268,11.4471],[0.9005,10.9933]]]},"properties":{"ADMIN":"Burkina Faso","ISO_A2":"BF","ADM0_A3":"BFA"}},{"type":"Feature","geometry":{"type":"Polygon","coordinates":[[[28.0145,41.969],[27.5349,41.9208],[27.2949,42.0795],[26.6153,41.9649],[26.3209,41.7166],[26.1552,41.4349],[25.2512,41.2436],[24.0561,41.5272],[23.6352,41.3868],[22.916,41.3363],[23.0057,41.7169],[22.8368,41.9936],[22.344,42.314],[22.5235,42.441],[22.4668,42.8425],[22.9769,43.188],[22.5546,43.4545],[22.4208,44.0074],[22.7051,44.2378],[23.2246,43.8739],[25.4971,43.6708],[26.2158,44.0073],[27.0869,44.1674],[27.8843,43.9874],[28.05,43.8224],[28.5854,43.7422],[28.4654,43.3893],[27.9289,43.1861],[27.8889,42.7497],[27.4848,42.4681],[28.0145,41.969]]]},"properties":{"ADMIN":"Bulgaria","ISO_A2":"BG","ADM0_A3":"BGR"}},{"type":"Feature","geometry":{"type":"Polygon","coordinates":[[[115.0268,4.8997],[114.7467,4.7181],[114.8402,4.3932],[114.6083,4.024],[114.0639,4.5927],[114.2994,4.6072],[114.9954,5.0224],[115.0268,4.8997]]]},"properties":{"ADMIN":"Brunei","ISO_A2":"BN","ADM0_A3":"BRN"}},{"type":"Feature","geometry":{"type":"MultiPolygon","coordinates":[[[[-66.876,1.223],[-66.4292,0.8217],[-66.0601,0.7854],[-65.6814,0.9834],[-65.3608,0.8687],[-65.1038,1.1081],[-64.7315,1.2533],[-64.1148,1.6193],[-64.0354,1.9044],[-63.3939,2.2225],[-63.3893,2.4119],[-63.9242,2.4524],[-64.2188,3.2047],[-64.2211,3.5874],[-64.5679,3.8998],[-64.5764,4.1399],[-64.2557,4.1403],[-64.0215,3.9291],[-63.2947,3.9223],[-62.9687,3.5939],[-62.7646,3.6729],[-62.7121,4.0179],[-62.4106,4.1567],[-62.1531,4.0984],[-61.5542,4.2878],[-61.2801,4.5169],[-61.0028,4.5353],[-60.6045,4.9946],[-60.7421,5.2021],[-60.142,5.2388],[-59.9907,5.0829],[-60.1111,4.5112],[-59.8333,4.4759],[-59.5511,3.9335],[-59.8544,3.5875],[-59.8312,3.3492],[-59.9943,2.69],[-59.7552,2.2741],[-59.7562,1.9006],[-59.2312,1.376],[-58.8625,1.2036],[-58.5119,1.2847],[-58.3407,1.5875],[-57.5944,1.7041],[-57.1189,2.014],[-56.8367,1.8813],[-56.4828,1.9421],[-56.0199,1.8422],[-55.9153,2.0396],[-56.1294,2.2995],[-55.9359,2.5166],[-55.7306,2.4062],[-55.0058,2.593],[-54.6163,2.3268],[-54.1301,2.121],[-53.7678,2.3548],[-52.9648,2.1835],[-52.7006,2.3637],[-51.9906,3.702],[-51.6525,4.0613],[-51.4615,4.3138],[-51.2199,4.0936],[-51.0763,3.6717],[-51.0524,3.2818],[-50.6589,2.131],[-50.4589,1.8296],[-49.9571,1.6599],[-49.8989,1.163],[-50.2944,0.8357],[-50.8164,0.1726],[-51.2829,-0.0852],[-51.4041,-0.3927],[-51.7026,-0.7623],[-51.7206,-1.0185],[-51.9476,-1.5867],[-51.2974,-1.2235],[-50.9179,-1.1152],[-50.69,-1.7617],[-50.4032,-2.0155],[-49.9992,-1.8318],[-49.7195,-1.9264],[-49.3137,-1.7317],[-48.9913,-1.8298],[-48.71,-1.4877],[-48.4458,-1.5204],[-48.4498,-1.1455],[-48.1151,-0.7375],[-47.3981,-0.6267],[-46.8112,-0.7797],[-46.6172,-0.9706],[-46.2191,-1.0312],[-45.6448,-1.3479],[-45.4586,-1.3562],[-45.2821,-1.6966],[-45.0764,-1.4664],[-44.6513,-1.7458],[-44.3818,-2.3655],[-44.5201,-2.4055],[-44.7214,-3.1423],[-44.4375,-2.9444],[-44.3082,-2.5352],[-43.9329,-2.5835],[-43.4551,-2.5021],[-43.3801,-2.3761],[-42.9367,-2.465],[-42.2496,-2.792],[-41.8762,-2.7466],[-41.3182,-2.9362],[-40.4746,-2.7956],[-39.9647,-2.8615],[-38.4758,-3.7175],[-38.0488,-4.2164],[-37.6263,-4.5921],[-37.3015,-4.7131],[-37.1747,-4.9124],[-36.5907,-5.0976],[-35.9799,-5.0544],[-35.5494,-5.1294],[-35.2354,-5.5667],[-34.9882,-6.3937],[-34.8055,-7.2884],[-34.8347,-7.9715],[-35.1578,-8.9306],[-35.3409,-9.2307],[-36.3983,-10.4841],[-36.9378,-10.8204],[-37.4118,-11.4973],[-37.6887,-12.1],[-38.2397,-12.8442],[-38.788,-12.7827],[-38.8353,-13.1472],[-39.0894,-13.5882],[-38.9423,-14.0307],[-39.0596,-14.6548],[-38.8806,-15.8643],[-39.125,-16.7636],[-39.2152,-17.3158],[-39.154,-17.7039],[-39.4868,-17.9901],[-39.7398,-18.6398],[-39.6999,-19.2778],[-40.0014,-19.742],[-40.3959,-20.5694],[-40.7893,-20.9061],[-41.0473,-21.5057],[-40.9878,-21.9203],[-41.1225,-22.0844],[-41.7055,-22.3097],[-41.9804,-22.5807],[-42.0424,-22.9471],[-42.9583,-22.9671],[-43.5328,-23.0464],[-43.8662,-22.9105],[-44.6373,-23.0555],[-44.6672,-23.3352],[-44.9517,-23.3814],[-45.4233,-23.6854],[-45.9721,-23.7955],[-46.8673,-24.2363],[-47.1372,-24.4932],[-47.8766,-24.9975],[-48.5452,-25.8159],[-48.6777,-26.7029],[-48.5541,-27.196],[-48.6426,-27.5579],[-48.6208,-28.0756],[-48.7997,-28.5753],[-49.2713,-28.8712],[-49.746,-29.3632],[-50.0333,-29.801],[-50.2995,-30.4258],[-50.62,-30.8977],[-51.1518,-31.4804],[-51.1614,-31.1188],[-50.6893,-30.7042],[-50.7163,-30.426],[-51.1573,-30.3643],[-51.4637,-31.0526],[-51.9725,-31.3838],[-52.1936,-31.8855],[-52.1274,-32.1678],[-52.3416,-32.4397],[-52.6522,-33.1378],[-53.3706,-33.7422],[-53.5376,-33.6229],[-53.5313,-33.1709],[-53.1256,-32.7367],[-53.6017,-32.403],[-53.7617,-32.0568],[-54.2206,-31.8552],[-54.5876,-31.4852],[-55.2546,-31.2256],[-55.5573,-30.876],[-55.8737,-31.0696],[-56.1762,-30.6284],[-56.8327,-30.1072],[-57.2145,-30.2834],[-57.6089,-30.1878],[-56.9386,-29.5948],[-56.3224,-28.8524],[-55.7255,-28.2041],[-55.1015,-27.8668],[-54.8291,-27.5506],[-54.327,-27.4235],[-53.8382,-27.1211],[-53.6713,-26.2251],[-53.8912,-25.6688],[-54.1546,-25.523],[-54.6159,-25.5761],[-54.4731,-25.2202],[-54.2418,-24.0473],[-54.6255,-23.8125],[-54.9827,-23.9745],[-55.3663,-23.991],[-55.6541,-22.8104],[-55.8492,-22.3076],[-56.1898,-22.2812],[-56.5238,-22.1025],[-56.9373,-22.2713],[-57.8203,-22.1423],[-57.9857,-22.0464],[-57.8302,-20.9979],[-58.1598,-20.1646],[-57.8607,-19.9796],[-58.1315,-19.7445],[-57.8004,-19.081],[-57.574,-18.2793],[-57.8325,-17.5121],[-58.396,-17.2343],[-58.5379,-16.3282],[-60.1756,-16.2693],[-60.2989,-14.6186],[-60.4747,-14.1848],[-60.5066,-13.7898],[-61.077,-13.4897],[-61.7899,-13.5256],[-62.1761,-13.1337],[-62.7655,-12.9973],[-63.0675,-12.6691],[-63.3467,-12.6801],[-63.5856,-12.5189],[-64.4205,-12.4397],[-64.5134,-12.251],[-64.9925,-11.9752],[-65.3899,-11.2463],[-65.334,-10.8928],[-65.4369,-10.449],[-65.3131,-10.253],[-65.3961,-9.7124],[-66.2636,-9.8261],[-66.73,-9.9755],[-67.1115,-10.2689],[-67.5824,-10.506],[-67.7218,-10.6831],[-68.0717,-10.7031],[-68.398,-11.0187],[-69.5786,-10.9518],[-69.9604,-10.9299],[-70.2201,-11.0477],[-70.6423,-11.0103],[-70.6369,-9.4782],[-71.2379,-9.966],[-72.1816,-10.0037],[-72.3791,-9.5102],[-73.2094,-9.4114],[-72.974,-8.9932],[-73.5491,-8.3458],[-74.0021,-7.5561],[-73.7495,-7.3354],[-73.7581,-6.9058],[-73.1374,-6.4658],[-73.2355,-6.0984],[-72.9799,-5.6349],[-72.8871,-5.1228],[-72.6987,-5.0672],[-71.8447,-4.5044],[-70.9737,-4.3505],[-70.7995,-4.1733],[-70.4046,-4.1501],[-70.2392,-4.3012],[-69.9659,-4.2359],[-69.669,-2.6677],[-69.4002,-1.1949],[-69.6675,-0.4824],[-70.0705,-0.1389],[-70.0539,0.5786],[-69.1632,0.8641],[-69.3614,1.064],[-69.8521,1.0595],[-69.8486,1.7087],[-68.1766,1.7198],[-67.8151,1.7901],[-67.4997,2.1079],[-67.352,2.0858],[-67.0901,1.6156],[-67.0937,1.21],[-66.876,1.223]]],[[[-49.6287,-0.2292],[-49.117,-0.1636],[-48.588,-0.2316],[-48.3797,-0.3528],[-48.5397,-0.801],[-48.9289,-1.4823],[-49.5879,-1.7124],[-50.5076,-1.788],[-50.7598,-1.2402],[-50.7714,-0.6454],[-50.6455,-0.2729],[-50.2482,-0.1164],[-49.6287,-0.2292]]],[[[-49.7382,0.2682],[-49.839,0.0069],[-50.3395,0.0434],[-50.2727,0.2317],[-49.7382,0.2682]]],[[[-51.8325,-1.4338],[-51.546,-0.6496],[-51.1607,-0.6667],[-51.2763,-1.0218],[-51.8325,-1.4338]]]]},"properties":{"ADMIN":"Brazil","ISO_A2":"BR","ADM0_A3":"BRA"}},{"type":"Feature","geometry":{"type":"Polygon","coordinates":[[[25.2588,-17.7936],[25.224,-17.9152],[25.7612,-18.6492],[26.1681,-19.5383],[26.6782,-19.8928],[27.2215,-20.1458],[27.2808,-20.4787],[27.6996,-20.5307],[27.6694,-21.0643],[28.0456,-21.573],[29.0373,-21.8113],[29.1068,-22.0657],[29.3648,-22.1939],[29.1299,-22.2133],[28.8398,-22.4809],[28.2102,-22.6937],[27.8905,-23.0739],[27.1464,-23.5244],[26.987,-23.7046],[26.8351,-24.2408],[26.3972,-24.6136],[25.9121,-24.7475],[25.5838,-25.6062],[25.4437,-25.7145],[24.7481,-25.8174],[23.8938,-25.6009],[23.266,-25.2666],[22.8788,-25.4579],[22.6402,-26.0712],[22.0909,-26.5802],[21.6463,-26.8542],[20.7398,-26.8488],[20.6268,-26.4438],[20.815,-26.1649],[20.7932,-25.9156],[20.3452,-25.0299],[19.9805,-24.7768],[19.9785,-23.1025],[19.9773,-22.0002],[20.971,-22.0002],[20.9774,-20.5603],[20.9741,-18.3188],[22.0114,-18.1986],[23.0999,-18.0096],[23.2986,-18.0273],[23.5806,-18.4529],[24.359,-17.9782],[24.5306,-18.0527],[24.9091,-17.8214],[25.2588,-17.7936]]]},"properties":{"ADMIN":"Botswana","ISO_A2":"BW","ADM0_A3":"BWA"}},{"type":"Feature","geometry":{"type":"Polygon","coordinates":[[[19.1943,43.5333],[18.9402,43.4967],[18.4438,42.9685],[18.4363,42.5597],[17.6676,42.8971],[17.5852,42.9384],[17.6248,43.0428],[16.2143,44.2151],[16.1303,44.4737],[15.7366,44.7658],[15.7881,45.179],[16.2934,45.0088],[16.5307,45.2167],[17.8128,45.0781],[18.6626,45.0774],[19.0071,44.8692],[19.3568,44.8585],[19.1519,44.3025],[19.4882,43.7036],[19.1943,43.5333]]]},"properties":{"ADMIN":"Bosnia and Herzegovina","ISO_A2":"BA","ADM0_A3":"BIH"}},{"type":"Feature","geometry":{"type":"Polygon","coordinates":[[[-69.5109,-17.5061],[-69.6249,-17.2002],[-69.0207,-16.6422],[-68.9135,-16.2619],[-69.2176,-16.1491],[-69.4185,-15.6034],[-69.1725,-15.2366],[-69.3747,-14.963],[-69.2349,-14.5971],[-68.8803,-14.1988],[-69.0741,-13.6828],[-68.9834,-13.4964],[-68.9786,-12.8801],[-68.6853,-12.502],[-69.5786,-10.9518],[-68.398,-11.0187],[-68.0717,-10.7031],[-67.7218,-10.6831],[-67.5824,-10.506],[-67.1115,-10.2689],[-66.73,-9.9755],[-66.2636,-9.8261],[-65.3961,-9.7124],[-65.3131,-10.253],[-65.4369,-10.449],[-65.334,-10.8928],[-65.3899,-11.2463],[-64.9925,-11.9752],[-64.5134,-12.251],[-64.4205,-12.4397],[-63.5856,-12.5189],[-63.3467,-12.6801],[-63.0675,-12.6691],[-62.7655,-12.9973],[-62.1761,-13.1337],[-61.7899,-13.5256],[-61.077,-13.4897],[-60.5066,-13.7898],[-60.4747,-14.1848],[-60.2989,-14.6186],[-60.1756,-16.2693],[-58.5379,-16.3282],[-58.396,-17.2343],[-57.8325,-17.5121],[-57.574,-18.2793],[-57.8004,-19.081],[-58.1315,-19.7445],[-57.8607,-19.9796],[-58.1598,-20.1646],[-58.1802,-19.8179],[-59.0905,-19.2862],[-60.0074,-19.2976],[-61.7568,-19.6453],[-61.9169,-20.0554],[-62.2763,-20.5625],[-62.2767,-21.066],[-62.651,-22.2337],[-62.8434,-21.9973],[-63.8187,-22.0055],[-63.9761,-22.0726],[-64.374,-22.761],[-64.6055,-22.2288],[-65.0578,-22.1027],[-65.771,-22.0996],[-66.0986,-21.8351],[-66.3652,-22.1138],[-66.7117,-22.2163],[-67.1949,-22.8217],[-67.8794,-22.8229],[-67.9884,-22.0571],[-68.1864,-21.6186],[-68.197,-21.3003],[-68.7452,-20.4586],[-68.6983,-19.7211],[-68.4629,-19.4328],[-68.9683,-18.968],[-69.0939,-18.0505],[-69.3134,-17.9432],[-69.5109,-17.5061]]]},"properties":{"ADMIN":"Bolivia","ISO_A2":"BO","ADM0_A3":"BOL"}},{"type":"Feature","geometry":{"type":"Polygon","coordinates":[[[91.6319,27.76],[91.5947,27.5577],[92.0834,27.2906],[91.9983,26.855],[90.7396,26.7717],[90.3459,26.8903],[89.7639,26.7016],[88.8576,26.9615],[88.8914,27.3161],[88.9476,27.464],[89.5369,28.1074],[89.9811,28.3112],[90.3527,28.0802],[91.6056,27.9517],[91.6319,27.76]]]},"properties":{"ADMIN":"Bhutan","ISO_A2":"BT","ADM0_A3":"BTN"}},{"type":"Feature","geometry":{"type":"Polygon","coordinates":[[[1.6227,6.2168],[1.7779,6.2946],[1.5775,6.6874],[1.6247,6.9973],[1.6002,9.05],[1.4243,9.285],[1.3301,9.997],[0.78,10.3596],[0.9005,10.9933],[1.4268,11.4471],[1.9804,11.4184],[2.3892,11.8971],[2.366,12.2219],[2.8781,12.3677],[3.5954,11.6963],[3.4878,11.3954],[3.7164,11.0796],[3.8345,10.6074],[3.5766,10.2684],[3.5572,9.9073],[3.3252,9.7785],[3.0449,9.0838],[2.7748,9.0485],[2.686,7.8737],[2.7746,6.7117],[2.7064,6.3692],[1.6227,6.2168]]]},"properties":{"ADMIN":"Benin","ISO_A2":"BJ","ADM0_A3":"BEN"}},{"type":"Feature","geometry":{"type":"Polygon","coordinates":[[[-89.1615,17.8148],[-88.8063,17.9655],[-88.523,18.4459],[-88.2957,18.4724],[-88.0972,18.1216],[-88.2717,17.6099],[-88.3134,16.6328],[-88.6952,16.2477],[-88.894,15.8906],[-89.2375,15.8944],[-89.1615,17.8148]]]},"properties":{"ADMIN":"Belize","ISO_A2":"BZ","ADM0_A3":"BLZ"}},{"type":"Feature","geometry":{"type":"Polygon","coordinates":[[[4.2262,51.3865],[4.5034,51.4747],[5.5088,51.275],[5.8271,51.1256],[5.9939,50.7504],[6.3645,50.3162],[6.1165,50.121],[5.744,49.9196],[5.7897,49.5383],[5.5073,49.5109],[4.8676,49.7881],[4.6562,50.0024],[4.1761,49.9603],[4.1746,50.2465],[3.2733,50.5315],[3.1068,50.7794],[2.6691,50.8114],[2.5249,51.0971],[3.3501,51.3777],[3.9021,51.2077],[4.2262,51.3865]]]},"properties":{"ADMIN":"Belgium","ISO_A2":"BE","ADM0_A3":"BEL"}},{"type":"Feature","geometry":{"type":"Polygon","coordinates":[[[31.7634,52.1011],[30.9807,52.0462],[30.533,51.5963],[29.3465,51.3826],[29.1356,51.6173],[28.599,51.5426],[27.2701,51.6136],[27.142,51.7521],[25.9253,51.9135],[24.3619,51.8675],[23.6053,51.5179],[23.6524,52.0404],[23.197,52.2569],[23.4796,52.5516],[23.8447,52.6642],[23.8871,53.0275],[23.4847,53.9398],[24.7682,53.9747],[25.5474,54.3318],[25.8593,54.9193],[26.1752,55.0033],[26.5936,55.6675],[27.0525,55.8306],[27.5768,55.7988],[28.1479,56.1429],[28.7947,55.9426],[29.375,55.9387],[29.4822,55.6846],[30.2336,55.8452],[30.9068,55.57],[30.9777,55.0505],[30.7988,54.7833],[31.1213,54.6485],[31.4036,54.1959],[31.792,54.0559],[32.7043,53.3363],[32.142,53.0912],[31.4179,53.196],[31.5773,52.3123],[31.7634,52.1011]]]},"properties":{"ADMIN":"Belarus","ISO_A2":"BY","ADM0_A3":"BLR"}},{"type":"Feature","geometry":{"type":"Polygon","coordinates":[[[-59.4933,13.082],[-59.6113,13.1021],[-59.5916,13.3177],[-59.4276,13.1528],[-59.4933,13.082]]]},"properties":{"ADMIN":"Barbados","ISO_A2":"BB","ADM0_A3":"BRB"}},{"type":"Feature","geometry":{"type":"Polygon","coordinates":[[[89.0515,22.0932],[88.7408,23.4366],[88.5674,23.6744],[88.7336,24.2309],[88.1455,24.4858],[88.4563,25.1884],[88.8901,25.1944],[88.7691,25.4905],[88.4523,25.5744],[88.0846,25.8882],[88.4404,26.3695],[89.1083,26.2022],[89.2893,26.0376],[89.8229,25.9414],[89.8141,25.3054],[90.4394,25.1577],[92.0497,25.1695],[92.2513,24.8951],[92.0642,24.3744],[91.877,24.1953],[91.3671,24.0935],[91.1604,23.6606],[91.3152,23.1044],[91.6195,22.9797],[91.9379,23.5047],[92.2461,23.6836],[92.3616,22.929],[92.4914,22.6854],[92.5749,21.9781],[92.5935,21.4673],[92.1796,21.2931],[92.3241,20.7918],[92.0561,21.1748],[92.008,21.6848],[91.693,22.5048],[91.4821,22.7974],[90.9456,22.597],[90.6336,23.0942],[90.4351,22.7519],[90.5895,22.2584],[90.1588,21.8168],[89.8119,21.9835],[89.5686,21.7674],[89.2343,21.7224],[89.0515,22.0932]]]},"properties":{"ADMIN":"Bangladesh","ISO_A2":"BD","ADM0_A3":"BGD"}},{"type":"Feature","geometry":{"type":"Polygon","coordinates":[[[50.6072,25.8831],[50.4659,25.9655],[50.4524,26.1908],[50.6098,26.1245],[50.6072,25.8831]]]},"properties":{"ADMIN":"Bahrain","ISO_A2":"BH","ADM0_A3":"BHR"}},{"type":"Feature","geometry":{"type":"Polygon","coordinates":[[[-77.7438,24.7074],[-77.7452,24.4635],[-78.0449,24.2875],[-78.2988,24.7539],[-78.0333,25.1431],[-77.7438,24.7074]]]},"properties":{"ADMIN":"The Bahamas","ISO_A2":"BS","ADM0_A3":"BHS"}},{"type":"Feature","geometry":{"type":"MultiPolygon","coordinates":[[[[44.8172,39.6504],[44.7683,39.7035],[45.0316,39.7651],[45.7663,39.3785],[46.1145,38.8778],[45.4797,39.0063],[44.8172,39.6504]]],[[[48.8688,38.4355],[48.5927,38.4111],[48.0232,38.819],[48.242,38.979],[47.9959,39.6839],[47.7729,39.6486],[46.4906,38.9067],[46.55,39.2014],[46.2021,39.5945],[45.7896,39.8811],[45.9646,40.2338],[45.3762,40.6381],[45.5875,40.8469],[45.0014,41.291],[45.281,41.4496],[46.4579,41.0702],[46.6189,41.3438],[46.1821,41.6571],[46.4299,41.891],[46.7493,41.8126],[47.2611,41.3151],[47.8611,41.2127],[48.3914,41.6019],[48.5729,41.8445],[49.1066,41.3017],[49.2265,41.0262],[49.776,40.584],[50.3068,40.4122],[49.5512,40.1941],[49.3244,39.6084],[49.3628,39.3496],[49.0135,39.134],[48.8509,38.8153],[48.8688,38.4355]]]]},"properties":{"ADMIN":"Azerbaijan","ISO_A2":"AZ","ADM0_A3":"AZE"}},{"type":"Feature","geometry":{"type":"Polygon","coordinates":[[[9.5275,47.2708],[9.524,47.5242],[9.7489,47.5755],[10.3128,47.3134],[10.4304,47.5411],[11.2979,47.4249],[11.7168,47.5835],[12.6858,47.6693],[12.9535,47.8906],[12.8143,48.1608],[13.4094,48.3941],[13.8147,48.7669],[14.0491,48.6025],[14.6913,48.5992],[14.9722,48.9839],[16.0572,48.7548],[16.4779,48.8001],[16.9531,48.5988],[16.8654,48.3869],[17.1474,48.006],[17.0666,47.7076],[16.7476,47.6863],[16.4344,47.3674],[16.4534,47.0068],[16.0931,46.8633],[15.9576,46.6776],[15.0007,46.626],[14.5035,46.417],[13.7,46.5203],[12.3883,46.7026],[12.1541,46.9353],[11.2444,46.9757],[11.0251,46.797],[10.4528,46.8649],[9.9969,46.8854],[9.5803,47.0574],[9.5275,47.2708]]]},"properties":{"ADMIN":"Austria","ISO_A2":"AT","ADM0_A3":"AUT"}},{"type":"Feature","geometry":{"type":"MultiPolygon","coordinates":[[[[143.1789,-11.9545],[143.1103,-12.3035],[143.4016,-12.6399],[143.5866,-13.4437],[143.5484,-13.741],[143.7563,-14.3488],[143.9618,-14.4629],[144.473,-14.2318],[144.648,-14.4925],[145.2877,-14.9432],[145.2716,-15.4767],[145.458,-16.0564],[145.4261,-16.4062],[145.902,-17.0702],[146.1259,-17.6353],[146.0322,-18.2729],[146.3332,-18.5537],[146.2969,-18.8412],[146.4812,-19.0787],[147.1388,-19.3932],[147.4186,-19.3781],[147.9156,-19.8692],[148.7594,-20.2896],[148.6837,-20.5802],[149.2049,-21.1251],[149.7039,-22.4405],[150.0762,-22.1645],[150.5413,-22.5591],[150.7639,-22.5762],[150.8432,-23.458],[151.5008,-24.0124],[151.9027,-24.201],[152.1299,-24.5976],[152.4563,-24.8024],[152.6543,-25.202],[152.9135,-25.4321],[152.9205,-25.6886],[153.1649,-25.9642],[153.0842,-26.3038],[153.1168,-27.1944],[153.5757,-28.2405],[153.6046,-28.8545],[153.348,-29.2904],[153.2724,-29.8925],[153.0306,-30.5634],[152.9439,-31.4349],[152.5593,-32.0457],[152.4704,-32.4391],[152.1643,-32.7574],[151.8129,-32.9011],[151.4838,-33.3475],[151.2315,-34.0297],[150.9604,-34.2971],[150.6903,-35.1777],[150.5675,-35.2143],[150.1953,-35.8336],[149.9603,-36.8455],[149.9327,-37.5285],[149.2984,-37.8021],[148.2625,-37.8307],[147.8768,-37.9342],[147.3956,-38.2191],[146.8568,-38.6635],[145.9354,-38.9018],[145.7908,-38.667],[144.6652,-38.21],[144.1016,-38.4623],[143.539,-38.8209],[142.6121,-38.4517],[141.725,-38.2714],[141.4242,-38.3635],[141.0109,-38.077],[140.6272,-38.0284],[139.7843,-37.2458],[139.8573,-36.6621],[139.5487,-36.0967],[139.0377,-35.6893],[138.1844,-35.6127],[138.5111,-35.0244],[138.4899,-34.7636],[138.0893,-34.1698],[137.9192,-34.4561],[137.6917,-35.143],[136.8836,-35.2397],[137.0143,-34.9158],[137.391,-34.9133],[137.4938,-34.1611],[137.9318,-33.5791],[137.8523,-33.2008],[137.4423,-33.1936],[137.2373,-33.6295],[136.4307,-34.03],[135.6476,-34.9396],[135.1854,-33.9067],[134.8888,-33.6264],[134.791,-33.3283],[134.3013,-33.165],[134.1004,-32.7486],[134.2342,-32.5485],[133.5514,-32.1829],[133.2121,-32.1838],[132.7574,-31.9562],[132.2146,-32.0071],[131.7212,-31.6963],[131.1437,-31.4957],[130.783,-31.604],[130.1298,-31.5791],[128.9462,-31.7026],[128.0677,-32.0665],[127.3198,-32.2641],[125.9172,-32.297],[124.7588,-32.8827],[124.1261,-33.1294],[123.6504,-33.8363],[123.2076,-33.9883],[122.7775,-33.8908],[122.151,-33.9918],[122.0611,-33.8744],[121.4051,-33.8268],[120.4184,-33.9631],[119.8541,-33.9747],[119.4506,-34.3683],[118.8953,-34.4799],[118.1355,-34.9866],[117.5819,-35.0978],[116.5172,-34.9879],[115.9867,-34.795],[115.7263,-34.5261],[115.0088,-34.2559],[115.1816,-33.6435],[115.5153,-33.5313],[115.683,-33.1929],[115.6984,-31.6945],[115.1769,-30.808],[114.9945,-30.2162],[114.959,-29.4336],[114.6284,-28.8718],[114.5374,-28.5429],[114.1651,-28.0807],[114.0281,-27.3473],[113.5816,-26.5581],[113.8528,-26.3321],[113.5891,-26.0986],[113.3953,-25.7133],[113.5395,-25.6252],[114.2157,-26.2895],[114.2143,-25.8516],[113.6708,-24.9771],[113.4177,-24.4356],[113.5529,-23.7328],[113.757,-23.4182],[113.7949,-23.0236],[113.6828,-22.6378],[113.9584,-21.9392],[114.1639,-22.3233],[114.3777,-22.3415],[114.6028,-21.9422],[114.8591,-21.7359],[115.4562,-21.4917],[116.0109,-21.0304],[116.7067,-20.6538],[117.4063,-20.7212],[118.1992,-20.3752],[118.7515,-20.2619],[119.1045,-19.9953],[119.5859,-20.0383],[120.1963,-19.9095],[120.8784,-19.665],[121.1798,-19.4779],[121.4936,-19.1064],[121.8338,-18.4771],[122.2374,-17.9686],[122.1603,-17.3137],[122.432,-16.9704],[122.7204,-16.7877],[122.9707,-16.4368],[123.1421,-16.8631],[123.5252,-17.4857],[123.7781,-16.8678],[123.4904,-16.4907],[124.5769,-16.1137],[124.3816,-15.7582],[124.8391,-15.1607],[125.2433,-14.9445],[125.1787,-14.7147],[125.6813,-14.388],[126.0207,-14.4945],[126.1113,-14.1141],[126.4031,-14.0189],[126.5697,-14.1609],[126.9032,-13.7441],[127.6729,-14.1951],[128.1994,-14.7518],[129.459,-14.9332],[129.7535,-14.7896],[129.3787,-14.3925],[129.7099,-13.98],[129.8389,-13.5729],[130.2598,-13.3022],[130.1682,-12.9574],[130.6724,-12.4069],[131.4383,-12.277],[132.3721,-12.2392],[132.5838,-12.1103],[132.6828,-11.5056],[133.0249,-11.4528],[133.1853,-11.7057],[133.9042,-11.832],[134.2371,-12.0077],[134.7303,-11.9844],[135.218,-12.2217],[135.7885,-11.907],[136.0818,-12.4225],[136.2701,-12.1316],[136.5402,-11.9576],[136.9475,-12.3499],[136.537,-12.7843],[136.5943,-13.0038],[135.9273,-13.3043],[135.9896,-13.8102],[135.8834,-14.1531],[135.4052,-14.7582],[135.5308,-15.0004],[136.2054,-15.4034],[136.2914,-15.5701],[136.7847,-15.8942],[137.0021,-15.8783],[137.7037,-16.233],[138.245,-16.7184],[139.0099,-16.8993],[139.2484,-17.3286],[140.0358,-17.7026],[140.5111,-17.6245],[140.8305,-17.4145],[140.966,-17.0146],[141.2191,-16.6462],[141.4119,-16.0695],[141.4516,-15.6053],[141.6255,-15.0566],[141.5229,-14.4701],[141.5943,-14.1528],[141.4726,-13.7976],[141.6454,-13.2591],[141.6136,-12.9435],[141.8521,-12.5787],[141.6777,-12.4914],[141.9516,-11.8962],[142.1684,-10.9466],[142.4564,-10.7073],[142.723,-11.0104],[142.8368,-11.3069],[142.8726,-11.8214],[143.1789,-11.9545]]],[[[153.0774,-25.7508],[153.0381,-25.1932],[153.3502,-25.0631],[153.0774,-25.7508]]],[[[136.7146,-13.8039],[136.8943,-14.2931],[136.3633,-14.2289],[136.4247,-13.8648],[136.7146,-13.8039]]],[[[130.6188,-11.3761],[131.023,-11.3344],[131.2683,-11.1898],[131.5386,-11.4369],[130.951,-11.9265],[130.6449,-11.7424],[130.6188,-11.3761]]],[[[137.5965,-35.7387],[137.4484,-36.0748],[136.7551,-36.0331],[136.6387,-35.7488],[137.3341,-35.5925],[137.5965,-35.7387]]],[[[145.043,-40.7867],[145.283,-40.7699],[146.3175,-41.1635],[146.9898,-40.9924],[147.4548,-41.0017],[147.9688,-40.7796],[148.2929,-40.9471],[148.3015,-42.0399],[148.0228,-42.2595],[147.9244,-42.5725],[147.9809,-43.157],[147.7858,-43.22],[147.408,-42.8938],[146.8739,-43.6125],[146.5485,-43.5089],[146.0432,-43.5472],[145.4876,-42.9267],[145.2682,-42.5443],[145.2382,-42.0196],[144.7779,-41.4188],[144.6461,-40.9809],[145.043,-40.7867]]]]},"properties":{"ADMIN":"Australia","ISO_A2":"AU","ADM0_A3":"AUS"}},{"type":"Feature","geometry":{"type":"Polygon","coordinates":[[[105.7254,-10.493],[105.6969,-10.5642],[105.5841,-10.5125],[105.7055,-10.4307],[105.7254,-10.493]]]},"properties":{"ADMIN":"Indian Ocean Territories","ISO_A2":"-99","ADM0_A3":"IOA"}},{"type":"Feature","geometry":{"type":"Polygon","coordinates":[[[73.7074,-53.1371],[73.4651,-53.1842],[73.3363,-53.0299],[73.5857,-53.0271],[73.7074,-53.1371]]]},"properties":{"ADMIN":"Heard Island and McDonald Islands","ISO_A2":"HM","ADM0_A3":"HMD"}},{"type":"Feature","geometry":{"type":"Polygon","coordinates":[[[167.9395,-29.0177],[167.979,-29.0757],[167.9204,-29.0828],[167.9395,-29.0177]]]},"properties":{"ADMIN":"Norfolk Island","ISO_A2":"NF","ADM0_A3":"NFK"}},{"type":"Feature","geometry":{"type":"Polygon","coordinates":[[[123.5945,-12.4257],[123.5952,-12.4359],[123.5731,-12.4342],[123.5725,-12.4239],[123.5945,-12.4257]]]},"properties":{"ADMIN":"Ashmore and Cartier Islands","ISO_A2":"-99","ADM0_A3":"ATC"}},{"type":"Feature","geometry":{"type":"Polygon","coordinates":[[[44.7683,39.7035],[44.2893,40.0404],[43.7917,40.0703],[43.5693,40.4824],[43.7227,40.7195],[43.4395,41.1071],[45.0014,41.291],[45.5875,40.8469],[45.3762,40.6381],[45.9646,40.2338],[45.7896,39.8811],[46.2021,39.5945],[46.55,39.2014],[46.4906,38.9067],[46.1145,38.8778],[45.7663,39.3785],[45.0316,39.7651],[44.7683,39.7035]]]},"properties":{"ADMIN":"Armenia","ISO_A2":"AM","ADM0_A3":"ARM"}},{"type":"Feature","geometry":{"type":"MultiPolygon","coordinates":[[[[-57.6089,-30.1878],[-57.8725,-30.591],[-57.8106,-30.8586],[-58.189,-31.9242],[-58.2012,-32.4717],[-58.171,-32.9593],[-58.4245,-33.1115],[-58.5472,-33.6635],[-58.3925,-34.193],[-58.5255,-34.2962],[-58.2833,-34.6835],[-57.7636,-34.8945],[-57.3037,-35.1885],[-57.1589,-35.506],[-57.3539,-35.7203],[-57.265,-36.1441],[-56.6981,-36.4265],[-56.672,-36.8513],[-57.0877,-37.4464],[-57.3958,-37.7446],[-57.547,-38.0856],[-58.1792,-38.4358],[-59.8283,-38.8382],[-61.1122,-38.993],[-62.0669,-38.9191],[-62.3381,-39.1506],[-62.0537,-39.3738],[-62.2869,-39.8953],[-62.395,-40.8908],[-62.959,-41.1097],[-63.773,-41.15],[-64.853,-40.8138],[-65.1334,-40.8807],[-65.0183,-41.5669],[-65.0591,-41.9699],[-64.4204,-42.4338],[-64.1009,-42.3951],[-63.7956,-42.1139],[-63.5959,-42.4065],[-63.6925,-42.8053],[-64.1307,-42.8614],[-64.3243,-42.5723],[-64.6505,-42.5314],[-65.0269,-42.7589],[-64.4322,-43.0592],[-64.9855,-43.2936],[-65.2836,-43.63],[-65.2386,-44.0487],[-65.3613,-44.4773],[-65.6476,-44.6614],[-65.6388,-45.0078],[-66.1901,-44.9647],[-66.9414,-45.2573],[-67.5566,-45.9701],[-67.5634,-46.3454],[-66.7769,-47.0059],[-65.9985,-47.0937],[-65.7381,-47.3449],[-65.9342,-47.8268],[-65.8101,-47.9411],[-66.3934,-48.3424],[-67.0331,-48.6277],[-67.6849,-49.2467],[-67.7835,-49.8589],[-68.1457,-50.0914],[-68.9395,-50.3823],[-69.2352,-50.9506],[-69.0325,-51.6362],[-68.4434,-52.3566],[-69.2062,-52.1361],[-69.9603,-52.0082],[-71.9187,-51.9896],[-72.4077,-51.5408],[-72.2763,-50.9103],[-72.5098,-50.6075],[-73.1529,-50.7383],[-73.5013,-50.1253],[-73.5763,-49.5829],[-73.1353,-49.3007],[-72.9817,-48.9768],[-72.6144,-48.7929],[-72.3547,-48.3658],[-72.5179,-47.8764],[-72.3459,-47.4927],[-71.905,-47.2017],[-71.9402,-46.8312],[-71.6952,-46.5784],[-71.8757,-46.1605],[-71.6315,-45.9537],[-71.7727,-45.7244],[-71.3538,-45.2305],[-71.5963,-44.9792],[-71.2611,-44.7631],[-71.2126,-44.4412],[-71.82,-44.3831],[-71.6801,-43.9296],[-71.905,-43.4401],[-71.7815,-43.1668],[-72.1464,-42.99],[-72.1246,-42.2983],[-71.7609,-42.1015],[-71.9113,-41.6504],[-71.9321,-40.6917],[-71.6953,-40.3353],[-71.7199,-39.6353],[-71.5395,-39.6024],[-71.4256,-38.9856],[-70.9516,-38.7385],[-71.0282,-38.0412],[-71.1676,-37.7623],[-71.1184,-37.1144],[-71.1922,-36.8437],[-71.0555,-36.5237],[-70.4048,-36.0617],[-70.4704,-35.3262],[-70.2899,-34.7328],[-70.0521,-34.3008],[-69.8524,-34.2243],[-69.8943,-33.7313],[-69.7978,-33.3986],[-70.0198,-33.2715],[-70.1696,-32.4717],[-70.5852,-31.5694],[-70.5196,-31.1484],[-70.1614,-30.4402],[-69.9563,-30.3582],[-69.9276,-29.7691],[-70.0268,-29.324],[-69.8279,-29.1032],[-69.6569,-28.4136],[-69.1744,-27.9247],[-68.8463,-27.1537],[-68.346,-27.0279],[-68.5812,-26.5184],[-68.4145,-26.1537],[-68.6003,-25.4856],[-68.3842,-25.0919],[-68.562,-24.8377],[-68.2503,-24.392],[-67.3562,-24.0338],[-67.0088,-23.0014],[-67.1949,-22.8217],[-66.7117,-22.2163],[-66.3652,-22.1138],[-66.0986,-21.8351],[-65.771,-22.0996],[-65.0578,-22.1027],[-64.6055,-22.2288],[-64.374,-22.761],[-63.9761,-22.0726],[-63.8187,-22.0055],[-62.8434,-21.9973],[-62.651,-22.2337],[-62.2142,-22.6124],[-61.928,-23.0593],[-60.8398,-23.8581],[-59.8925,-24.0936],[-59.3729,-24.4539],[-58.3654,-24.9593],[-57.8217,-25.1364],[-57.5872,-25.4051],[-57.8906,-26.0065],[-58.203,-26.3814],[-58.1913,-26.63],[-58.6417,-27.1961],[-57.1118,-27.4701],[-56.4372,-27.5538],[-56.1641,-27.3215],[-55.79,-27.4164],[-55.4267,-27.0093],[-55.1359,-26.9312],[-54.8255,-26.6522],[-54.6777,-26.3088],[-54.6159,-25.5761],[-54.1546,-25.523],[-53.8912,-25.6688],[-53.6713,-26.2251],[-53.8382,-27.1211],[-54.327,-27.4235],[-54.8291,-27.5506],[-55.1015,-27.8668],[-55.7255,-28.2041],[-56.3224,-28.8524],[-56.9386,-29.5948],[-57.6089,-30.1878]]],[[[-68.6532,-54.8536],[-68.6299,-52.6526],[-68.2782,-52.984],[-68.0085,-53.5641],[-67.2942,-54.0498],[-65.346,-54.8779],[-66.5111,-55.0321],[-66.9305,-54.9249],[-68.2201,-54.8176],[-68.6532,-54.8536]]]]},"properties":{"ADMIN":"Argentina","ISO_A2":"AR","ADM0_A3":"ARG"}},{"type":"Feature","geometry":{"type":"Polygon","coordinates":[[[-61.7161,17.037],[-61.8597,17.0133],[-61.8173,17.1689],[-61.7161,17.037]]]},"properties":{"ADMIN":"Antigua and Barbuda","ISO_A2":"AG","ADM0_A3":"ATG"}},{"type":"Feature","geometry":{"type":"MultiPolygon","coordinates":[[[[13.0728,-4.6348],[12.5735,-4.9966],[12.5037,-5.6958],[12.2137,-5.7587],[12.1771,-5.3248],[12.0184,-5.0043],[12.3846,-4.6191],[12.8811,-4.4451],[13.0728,-4.6348]]],[[[23.9665,-10.8718],[24.0467,-11.4054],[23.971,-11.6358],[23.9913,-12.4222],[23.8432,-13.001],[21.9789,-13.001],[21.9795,-14.7614],[21.9798,-15.9556],[22.1507,-16.5972],[22.3051,-16.6896],[23.3807,-17.6406],[21.4169,-18.0007],[20.6251,-17.9967],[20.393,-17.8874],[19.0765,-17.8177],[18.7181,-17.7032],[18.3964,-17.3994],[16.5311,-17.3908],[13.938,-17.3888],[13.4037,-17.0078],[13.1012,-16.9677],[12.5481,-17.2127],[12.014,-17.1686],[11.7431,-17.2492],[11.8189,-16.7041],[11.7509,-15.8319],[11.9679,-15.634],[12.2805,-14.6375],[12.3789,-14.0391],[12.5505,-13.4378],[12.8977,-13.0277],[12.9832,-12.7757],[13.417,-12.5204],[13.7854,-11.8128],[13.8475,-11.0544],[13.7214,-10.6336],[13.5395,-10.4207],[13.2094,-9.7032],[12.9985,-9.048],[13.359,-8.6872],[13.3785,-8.3697],[12.8623,-7.2318],[12.8234,-6.9548],[12.5213,-6.5903],[12.3025,-6.0926],[12.7906,-6.0039],[13.0682,-5.8648],[14.3986,-5.8927],[16.3152,-5.8656],[16.7178,-6.2414],[16.743,-6.6185],[16.9848,-7.2574],[17.536,-8.0759],[17.9131,-8.0677],[18.6534,-7.936],[19.3408,-7.9666],[19.5276,-7.1444],[19.8752,-6.9863],[20.4822,-6.9158],[20.6078,-7.2777],[21.7511,-7.3055],[21.7801,-7.8654],[21.9054,-8.6934],[21.8132,-9.4687],[22.1978,-10.0406],[22.3024,-10.3967],[22.2788,-11.1941],[22.561,-11.0559],[23.1567,-11.0748],[23.4002,-10.9765],[23.8339,-11.0137],[23.9665,-10.8718]]]]},"properties":{"ADMIN":"Angola","ISO_A2":"AO","ADM0_A3":"AGO"}},{"type":"Feature","geometry":{"type":"Polygon","coordinates":[[[1.7061,42.5033],[1.4862,42.4345],[1.4283,42.5959],[1.7061,42.5033]]]},"properties":{"ADMIN":"Andorra","ISO_A2":"AD","ADM0_A3":"AND"}},{"type":"Feature","geometry":{"type":"Polygon","coordinates":[[[8.5766,36.9372],[8.2308,36.5453],[8.3487,36.368],[8.2457,35.8706],[8.3942,35.2039],[8.2456,34.7341],[7.5139,34.0805],[7.5002,33.8325],[7.7627,33.2331],[8.2109,32.9267],[8.3334,32.5436],[9.044,32.0724],[9.5188,30.2294],[9.3103,30.1152],[9.6727,29.567],[9.8426,28.967],[9.8156,28.5602],[9.916,27.7857],[9.7476,27.3309],[9.8944,26.8479],[9.8594,26.552],[9.4914,26.3337],[9.4482,26.0671],[10.0007,25.3321],[10.0281,25.051],[10.2559,24.591],[10.6861,24.5514],[11.5369,24.2908],[11.9679,23.5179],[10.4144,22.602],[9.3787,21.9914],[7.4817,20.8731],[5.8366,19.4792],[4.2276,19.1428],[3.4009,18.9884],[3.1061,19.1501],[3.2559,19.4109],[3.2037,19.7897],[2.4062,20.0639],[2.2193,20.2478],[1.6854,20.3784],[1.6106,20.5556],[1.1657,20.8174],[1.1455,21.1022],[0.3444,21.626],[-1.293,22.6965],[-3.5854,24.1954],[-4.8226,24.9956],[-6.4267,25.9588],[-8.6834,27.2859],[-8.6834,27.6564],[-8.6599,28.7186],[-7.6852,29.3495],[-7.0949,29.6252],[-6.6354,29.5688],[-6.5009,29.8091],[-5.4488,29.9569],[-4.9683,30.4654],[-4.3229,30.6989],[-3.9854,30.9135],[-3.8334,31.1978],[-3.8268,31.6619],[-3.0174,31.8343],[-2.9309,32.0425],[-2.4484,32.13],[-1.2753,32.089],[-1.0655,32.4683],[-1.51,32.8776],[-1.6792,33.3187],[-1.7069,34.1761],[-1.7956,34.7519],[-2.2196,35.1042],[-1.9133,35.0942],[-1.3358,35.3643],[-0.9175,35.6684],[-0.4261,35.8615],[0.0479,35.9005],[0.5149,36.2618],[1.2572,36.5196],[2.5934,36.6007],[2.9729,36.7845],[3.779,36.8962],[4.7581,36.8963],[5.1956,36.6768],[6.0647,36.8643],[6.4865,37.0857],[6.9275,36.9194],[7.6077,36.9998],[7.9104,36.8563],[8.5766,36.9372]]]},"properties":{"ADMIN":"Algeria","ISO_A2":"DZ","ADM0_A3":"DZA"}},{"type":"Feature","geometry":{"type":"Polygon","coordinates":[[[19.3424,41.8691],[19.2807,42.1726],[19.6545,42.6286],[20.064,42.5473],[20.4854,42.2234],[20.5662,41.8737],[20.489,41.2726],[20.7408,40.9053],[20.9643,40.8499],[21.0311,40.6586],[20.6574,40.1174],[20.0013,39.7094],[19.8519,40.0436],[19.3981,40.2849],[19.4406,41.4248],[19.5775,41.7875],[19.3424,41.8691]]]},"properties":{"ADMIN":"Albania","ISO_A2":"AL","ADM0_A3":"ALB"}},{"type":"Feature","geometry":{"type":"Polygon","coordinates":[[[66.5223,37.3485],[67.0688,37.3348],[67.759,37.1722],[68.0678,36.9498],[68.9604,37.325],[69.2648,37.1084],[69.4921,37.5531],[70.2515,37.6642],[70.2146,37.9244],[70.6158,38.3344],[70.8789,38.4564],[71.2559,38.307],[71.2785,37.9184],[71.552,37.9332],[71.4329,37.1275],[71.5975,36.7329],[71.8021,36.6943],[72.3588,36.9829],[72.6574,37.0291],[72.8955,37.2675],[73.4813,37.4717],[73.7496,37.2318],[74.2597,37.4154],[74.6594,37.3945],[74.8913,37.2316],[74.5414,37.0222],[74.0019,36.8231],[73.7691,36.8885],[72.6229,36.8296],[71.6205,36.4365],[71.1851,36.0421],[71.4275,35.8337],[71.6205,35.183],[70.9656,34.5304],[71.0516,34.0497],[70.4157,33.9504],[69.9947,34.0518],[69.8681,33.8977],[70.2842,33.369],[69.9201,33.1125],[69.5016,33.0201],[69.2414,32.4335],[69.2793,31.9368],[68.8689,31.6342],[68.5977,31.803],[68.214,31.8074],[67.5782,31.5065],[67.2873,31.2178],[66.9243,31.3056],[66.3972,30.9122],[66.1771,29.8356],[65.0955,29.5595],[64.5211,29.5645],[64.0987,29.3919],[63.5676,29.498],[62.4766,29.4084],[60.8434,29.8587],[61.7842,30.8319],[61.6602,31.3824],[60.8541,31.4833],[60.8293,32.2494],[60.5605,33.1378],[60.917,33.5052],[60.5108,33.6389],[60.4857,34.0948],[60.7263,34.5183],[61.0801,34.8556],[61.262,35.6196],[61.5428,35.4579],[61.9839,35.4437],[62.2528,35.2502],[62.6105,35.2332],[63.0566,35.4458],[63.1086,35.8187],[63.8625,36.0124],[64.511,36.3407],[64.8163,37.1321],[65.555,37.2512],[65.765,37.5691],[66.5223,37.3485]]]},"properties":{"ADMIN":"Afghanistan","ISO_A2":"AF","ADM0_A3":"AFG"}},{"type":"Feature","geometry":{"type":"Polygon","coordinates":[[[77.0486,35.1099],[76.7669,35.6617],[77.4465,35.4756],[77.7994,35.4959],[77.0486,35.1099]]]},"properties":{"ADMIN":"Siachen Glacier","ISO_A2":"-99","ADM0_A3":"KAS"}},{"type":"Feature","geometry":{"type":"MultiPolygon","coordinates":[[[[-57.0207,-63.3729],[-58.263,-63.7634],[-58.8955,-64.3889],[-59.5732,-64.5308],[-59.9631,-64.4313],[-61.0599,-64.9812],[-61.7362,-65.0335],[-62.1453,-65.3317],[-61.9914,-65.5892],[-62.305,-65.8404],[-61.8391,-66.1195],[-61.2661,-65.98],[-60.9027,-66.191],[-61.8754,-66.2961],[-63.7525,-66.2777],[-64.0777,-66.6541],[-64.6863,-66.8062],[-64.8193,-67.3073],[-65.4431,-67.3262],[-65.6395,-68.1306],[-64.9965,-68.4078],[-65.2416,-68.5832],[-63.3435,-68.8104],[-63.456,-69.0419],[-62.4505,-69.5844],[-61.9611,-70.1201],[-61.9611,-70.9006],[-61.3128,-70.8676],[-61.0172,-71.1669],[-61.2136,-71.5641],[-60.7194,-72.0727],[-60.3847,-73.0073],[-61.4055,-73.4671],[-60.8789,-73.612],[-61.0108,-74.4783],[-62.2257,-74.5056],[-63.9247,-75.0045],[-63.2311,-75.1538],[-63.3634,-75.4515],[-66.3704,-76.0134],[-69.3044,-76.3508],[-70.0955,-76.6545],[-71.7987,-76.7527],[-75.2684,-76.5814],[-77.19,-76.6298],[-76.2486,-77.2749],[-75.3869,-77.4742],[-72.852,-77.5902],[-73.2516,-77.8942],[-74.8121,-78.1778],[-77.7421,-77.9403],[-80.6016,-77.752],[-81.441,-77.8856],[-77.4326,-78.4347],[-77.8691,-78.7455],[-80.2923,-78.8228],[-83.2459,-78.357],[-83.26,-78.7742],[-80.1512,-79.2681],[-76.4991,-79.3257],[-76.0316,-79.6271],[-76.5579,-79.9035],[-75.2365,-80.8026],[-73.0295,-80.9173],[-71.0177,-80.619],[-70.2391,-80.8566],[-64.7501,-81.5217],[-64.1371,-81.8693],[-65.9162,-81.9022],[-65.9132,-82.1832],[-62.7356,-82.5273],[-61.5898,-83.3412],[-59.516,-83.4584],[-57.3536,-82.8402],[-53.9861,-82.2006],[-48.3608,-81.8923],[-46.0464,-82.1587],[-43.6693,-82.2701],[-41.4338,-81.2978],[-38.7717,-80.8823],[-37.2093,-81.0639],[-35.327,-80.6507],[-29.3291,-80.1721],[-24.2403,-80.0619],[-25.2586,-79.7625],[-29.9493,-79.599],[-30.3159,-79.1631],[-32.9942,-79.2288],[-36.2392,-78.7742],[-36.1809,-78.4684],[-35.0876,-77.8371],[-34.0758,-77.4254],[-32.0634,-77.1599],[-28.9336,-76.3703],[-26.0593,-75.9572],[-24.2696,-75.767],[-21.4338,-75.6831],[-20.4875,-75.492],[-19.493,-75.5399],[-18.7492,-75.2421],[-17.299,-74.3339],[-15.6725,-74.4073],[-14.5738,-73.9375],[-15.7488,-73.9456],[-16.5188,-73.644],[-16.4352,-73.4257],[-15.596,-73.0968],[-14.321,-73.123],[-14.2978,-72.733],[-13.2086,-72.7851],[-11.497,-72.4129],[-10.9581,-71.902],[-12.1482,-71.6137],[-11.663,-71.3312],[-10.8254,-71.5533],[-9.888,-71.0273],[-9.2307,-71.174],[-8.6465,-71.6728],[-7.7137,-71.5465],[-7.8735,-70.9403],[-5.9363,-70.7127],[-5.5879,-70.8567],[-5.95,-71.3416],[-2.812,-71.321],[-2.0146,-71.4334],[-0.8958,-71.3492],[-0.5432,-71.7127],[0.835,-71.2023],[2.6095,-70.9001],[5.1131,-70.6557],[7.4012,-70.4944],[8.523,-70.4738],[9.1416,-70.1837],[10.2177,-70.5079],[11.7013,-70.7666],[12.9294,-70.2134],[13.8227,-70.3432],[15.8069,-70.324],[18.1246,-70.5403],[18.4326,-70.2899],[19.1964,-70.2932],[19.2651,-70.9023],[21.0708,-70.8435],[21.705,-70.2585],[22.979,-70.8104],[23.8036,-70.4046],[24.2357,-70.4486],[24.7567,-70.8921],[25.9741,-71.0374],[27.2068,-70.9109],[30.0033,-70.3],[31.3788,-70.2258],[32.6213,-70.0006],[32.9894,-69.6242],[32.5676,-69.0742],[33.1215,-68.6892],[34.1929,-68.7024],[33.8137,-69.0993],[34.5959,-69.0945],[35.2248,-69.6373],[37.5598,-69.7184],[38.8593,-70.0061],[39.7051,-69.4256],[39.8639,-68.967],[41.1327,-68.5751],[42.4088,-68.3519],[42.8195,-68.1232],[44.6998,-67.9043],[44.9896,-67.7692],[47.1172,-67.5727],[48.648,-67.794],[48.7137,-67.2169],[49.2471,-66.9416],[50.0062,-67.1752],[50.606,-67.1502],[50.3324,-66.4446],[51.8846,-66.02],[53.6718,-65.8587],[54.9479,-65.9163],[55.7104,-66.08],[57.1854,-66.6133],[56.4532,-66.7798],[56.8916,-67.0562],[57.6274,-67.0141],[58.7374,-67.2296],[59.2508,-67.485],[60.482,-67.3852],[61.3091,-67.5402],[62.6879,-67.6476],[63.699,-67.5083],[68.3279,-67.8896],[69.4164,-67.743],[69.9822,-68.4643],[69.5342,-68.7369],[69.6295,-69.2316],[68.9063,-69.3728],[69.0826,-69.8666],[68.1781,-69.8373],[67.268,-70.2731],[67.9408,-70.4229],[69.2502,-70.4311],[68.8728,-71.0352],[68.0374,-71.391],[67.4322,-72.0029],[66.8921,-72.9486],[67.9714,-73.0856],[67.9714,-72.7506],[68.4198,-72.515],[69.5547,-72.3745],[71.2768,-71.6239],[71.9049,-70.7066],[72.7604,-70.3957],[72.8221,-70.0959],[73.9422,-69.7432],[75.4238,-69.8931],[75.8912,-69.5756],[77.8175,-69.0689],[78.489,-68.6258],[78.7263,-68.2778],[79.2878,-68.1193],[82.017,-67.69],[83.3043,-67.603],[84.4852,-67.1145],[85.7107,-67.1613],[87.9803,-66.7885],[89.6984,-66.823],[91.0217,-66.6028],[92.0734,-66.5079],[93.9643,-66.6896],[94.8398,-66.5014],[95.541,-66.631],[97.1006,-66.4994],[97.7198,-66.6073],[98.2576,-66.4675],[99.3701,-66.6482],[100.8891,-66.358],[101.4744,-65.9512],[102.6742,-65.8651],[103.9512,-65.9881],[106.3869,-66.4106],[108.1579,-66.6391],[109.4628,-66.9087],[110.6223,-66.524],[110.9067,-66.0767],[111.4531,-65.9609],[113.0994,-65.7999],[113.7098,-65.9296],[114.3369,-66.3602],[115.3104,-66.5608],[115.6354,-66.7712],[115.2737,-67.0279],[113.9912,-67.2119],[114.0266,-67.4412],[116.7135,-67.0472],[118.1387,-67.0824],[119.2807,-67.1992],[119.133,-67.3707],[121.4876,-67.0907],[122.1828,-66.8595],[123.9693,-66.6081],[124.5979,-66.7082],[125.8656,-66.3645],[126.6647,-66.4976],[126.8736,-66.7594],[127.5412,-67.0511],[128.4306,-67.1191],[129.2369,-67.0416],[129.7412,-66.4686],[130.9518,-66.1914],[131.8309,-66.2358],[133.4445,-66.0814],[134.1789,-66.2771],[134.9715,-66.3302],[135.352,-66.1271],[136.1939,-66.2922],[137.7538,-66.4064],[138.1399,-66.5439],[139.2416,-66.574],[139.9001,-66.7151],[141.9729,-66.8067],[142.8884,-67.0001],[143.4482,-66.8768],[144.6212,-67.1414],[143.942,-67.794],[145.1279,-67.626],[145.9752,-67.6242],[146.8278,-67.9646],[146.7977,-68.2736],[148.4563,-68.467],[151.0683,-68.385],[151.5621,-68.6937],[153.0818,-68.8568],[153.7053,-68.7289],[154.1997,-68.4179],[155.5203,-69.0244],[157.4813,-69.3087],[158.1578,-69.2089],[159.784,-69.5219],[160.2097,-69.9749],[161.037,-70.3172],[161.4245,-70.8268],[162.6748,-70.3046],[163.3487,-70.6209],[164.4032,-70.5104],[166.627,-70.6643],[167.5694,-70.8103],[168.1727,-71.1832],[170.1623,-71.6305],[169.8286,-72.7288],[169.545,-73.0504],[167.1557,-73.1473],[167.6158,-73.3368],[164.7757,-74.0285],[165.3028,-74.5937],[163.1674,-74.602],[162.6041,-74.8231],[162.5336,-75.1671],[161.6796,-75.2178],[162.8157,-75.8462],[162.7628,-76.7457],[163.6191,-77.5823],[164.4297,-78.0422],[166.2086,-78.4517],[164.6348,-78.6032],[160.4827,-79.2015],[160.2092,-79.5544],[160.5588,-80.0105],[158.7675,-80.2934],[160.5422,-80.425],[160.9078,-81.3902],[162.8212,-81.8662],[167.2326,-82.9523],[168.1101,-83.362],[171.2207,-83.475],[171.9172,-83.644],[179.403,-84.2062],[180,-84.3516],[180,-89.9989],[-180,-89.9989],[-180,-89.5829],[-180,-89.293],[-180,-88.587],[-180,-87.8811],[-180,-87.1752],[-180,-86.4693],[-180,-85.7634],[-180,-85.0575],[-180,-84.3516],[-178.3895,-84.3375],[-171.7037,-84.5424],[-166.9111,-84.8192],[-162.9334,-84.9012],[-157.1275,-85.1856],[-156.9863,-84.8111],[-163.5685,-84.5287],[-164.9509,-83.8059],[-167.5529,-83.8108],[-169.1677,-83.4498],[-174.066,-82.9001],[-171.8213,-82.8475],[-168.4177,-83.2288],[-166.2169,-83.2008],[-163.1111,-83.3291],[-162.1973,-83.5189],[-159.4444,-83.5432],[-157.4285,-83.3464],[-157.6795,-83.1295],[-155.4594,-82.9808],[-153.0099,-82.4496],[-154.7174,-81.9407],[-153.9566,-81.7002],[-157.0325,-81.3191],[-156.5282,-81.1623],[-148.1228,-80.9008],[-150.5754,-80.3537],[-150.2207,-80.15],[-148.3171,-80.071],[-148.1765,-79.7759],[-150.4906,-79.5456],[-152.0914,-79.2416],[-155.2099,-78.9648],[-156.4693,-78.6354],[-154.7164,-78.3981],[-155.3415,-78.192],[-157.2668,-78.1998],[-158.5004,-77.7783],[-158.2136,-77.1571],[-156.6677,-77.213],[-154.8149,-77.127],[-153.4606,-77.416],[-151.719,-77.4259],[-149.7177,-77.7975],[-148.3399,-77.5512],[-148.7444,-77.3433],[-146.9276,-77.2599],[-145.967,-77.0687],[-145.7505,-76.749],[-147.3404,-76.4384],[-148.6011,-76.4933],[-149.6542,-76.3653],[-148.3203,-76.1045],[-145.8857,-76.4243],[-146.383,-76.0997],[-143.5743,-75.5636],[-142.3298,-75.4909],[-141.5057,-75.6904],[-139.6912,-75.2128],[-137.6182,-75.0756],[-136.5495,-75.1395],[-136.2278,-74.836],[-135.3621,-74.6904],[-133.4749,-74.8519],[-132.0494,-74.7657],[-129.7908,-74.8914],[-127.8634,-74.7192],[-125.3534,-74.7146],[-123.8895,-74.773],[-119.677,-74.6546],[-118.342,-74.3815],[-117.0683,-74.4732],[-115.1052,-74.4551],[-114.791,-73.9886],[-113.5085,-74.0889],[-113.9318,-74.9818],[-111.6962,-74.7922],[-111.8063,-74.2697],[-110.3071,-74.3667],[-110.3004,-74.7106],[-111.4631,-75.1334],[-109.2722,-75.1851],[-106.6188,-75.3439],[-104.9019,-75.1151],[-101.7081,-75.1273],[-101.0394,-75.4219],[-98.5579,-75.1897],[-100.2649,-74.8229],[-100.1186,-74.515],[-101.2517,-74.4857],[-101.7154,-74.0237],[-102.7665,-73.8838],[-102.4106,-73.6164],[-100.9854,-73.7572],[-99.7811,-73.7201],[-100.0208,-73.4025],[-102.675,-73.3209],[-102.4093,-72.9874],[-100.8205,-72.9812],[-98.0124,-73.0332],[-96.1521,-73.3093],[-95.2366,-73.2201],[-94.2462,-73.313],[-92.241,-73.1784],[-90.9209,-73.3191],[-90.2954,-72.9779],[-88.1945,-72.8586],[-88.4194,-73.229],[-87.0379,-73.3539],[-85.9808,-73.2085],[-84.9812,-73.5021],[-82.1835,-73.8568],[-81.3087,-73.7383],[-81.2624,-73.3149],[-80.4422,-72.9445],[-79.5217,-73.0896],[-78.4079,-73.5558],[-76.8505,-73.4604],[-77.1349,-73.8177],[-75.2931,-73.6388],[-73.996,-73.6998],[-72.9292,-73.4479],[-68.8209,-73.1055],[-67.6671,-72.8346],[-66.8277,-72.0904],[-67.4604,-71.5268],[-67.5046,-71.0578],[-67.8885,-70.4217],[-68.4033,-70.0197],[-68.708,-69.4322],[-67.3718,-69.4123],[-66.9749,-69.161],[-67.3905,-68.8612],[-66.7934,-68.2404],[-67.1499,-68.0246],[-66.705,-67.5271],[-67.5858,-67.4352],[-67.4934,-67.1128],[-66.9551,-66.9848],[-66.3709,-66.6089],[-65.7664,-66.6249],[-65.6173,-66.1353],[-64.6532,-65.8669],[-64.0659,-65.5537],[-64.038,-65.179],[-62.5762,-64.7557],[-61.6318,-64.6047],[-60.8642,-64.0734],[-59.5102,-63.8207],[-58.8721,-63.5519],[-57.3896,-63.2263],[-57.0207,-63.3729]]],[[[-45.2227,-78.8107],[-43.7221,-78.8185],[-42.9654,-79.4771],[-43.5279,-80.1914],[-49.1875,-80.6428],[-49.773,-80.7842],[-54.1625,-80.8701],[-54.3472,-80.5694],[-53.4823,-80.189],[-52.2972,-80.1412],[-50.3393,-79.4795],[-50.7331,-79.2827],[-50.2196,-78.6053],[-49.0812,-78.0475],[-46.8257,-77.7853],[-45.5303,-77.8814],[-43.8086,-78.2865],[-43.9472,-78.5976],[-45.2227,-78.8107]]],[[[-59.7339,-80.3441],[-60.5828,-80.9481],[-64.2683,-80.7485],[-65.9801,-80.3845],[-62.5188,-80.3733],[-61.3431,-79.8868],[-59.7063,-79.8753],[-59.7339,-80.3441]]],[[[-70.0511,-69.1891],[-69.4169,-69.5832],[-68.336,-70.8561],[-68.241,-71.8222],[-69.2093,-72.5342],[-72.3675,-72.6697],[-73.0864,-72.4078],[-71.8976,-72.1208],[-71.1066,-72.0471],[-72.4122,-71.6623],[-73.8993,-72.1523],[-75.3531,-71.8784],[-75.2926,-71.6149],[-74.1872,-71.383],[-72.6216,-71.3884],[-71.194,-70.9848],[-71.0611,-70.5371],[-70.3281,-70.3612],[-71.8536,-69.9693],[-71.7429,-69.4228],[-72.1379,-69.1146],[-71.869,-68.941],[-70.417,-68.789],[-70.0511,-69.1891]]],[[[-98.0911,-71.9125],[-96.8694,-71.851],[-95.6094,-72.0685],[-95.5754,-72.41],[-96.0518,-72.5772],[-98.4078,-72.5477],[-100.1952,-72.2727],[-102.2648,-72.1353],[-102.1281,-71.9854],[-100.0846,-71.8369],[-99.8332,-72.0461],[-98.6154,-71.7638],[-98.0911,-71.9125]]],[[[-120.5562,-73.7561],[-120.2725,-73.9892],[-121.0624,-74.3373],[-122.8591,-74.3427],[-122.6247,-73.9655],[-123.1122,-73.6822],[-120.5562,-73.7561]]],[[[-126.3299,-73.2862],[-125.7358,-73.4057],[-124.9934,-73.8298],[-124.1285,-73.834],[-123.8367,-74.2257],[-124.873,-74.2083],[-127.4144,-73.5163],[-126.3299,-73.2862]]],[[[-159.0529,-79.8074],[-161.8655,-79.7035],[-164.2258,-79.3208],[-164.1255,-78.9953],[-163.2561,-78.7221],[-161.643,-78.901],[-159.6841,-79.4024],[-159.0529,-79.8074]]],[[[167.0841,-77.3217],[168.4508,-77.3861],[168.3226,-77.6825],[166.2368,-77.5475],[167.0841,-77.3217]]],[[[-70.3341,-79.6799],[-71.7835,-79.4443],[-70.544,-78.8837],[-67.4785,-78.3625],[-66.7281,-78.3837],[-69.2509,-79.2104],[-70.3341,-79.6799]]],[[[-63.1806,-64.4695],[-63.6469,-64.803],[-64.1711,-64.5819],[-63.1806,-64.4695]]],[[[-67.9885,-67.4744],[-68.5804,-67.7328],[-69.0824,-67.4031],[-68.3359,-66.8021],[-67.6878,-67.1474],[-67.9885,-67.4744]]],[[[-73.7066,-70.6352],[-74.205,-70.9241],[-76.1763,-71.1324],[-76.5002,-70.9414],[-75.21,-70.7726],[-75.0075,-70.6089],[-73.7066,-70.6352]]],[[[-74.9871,-69.7278],[-74.438,-69.9496],[-74.8488,-70.1793],[-75.7268,-70.0961],[-74.9871,-69.7278]]],[[[-74.3544,-73.0984],[-74.5747,-73.6113],[-75.9008,-73.3326],[-76.0177,-73.0854],[-75.3769,-72.8204],[-74.3544,-73.0984]]],[[[-91.1607,-73.1822],[-91.67,-72.6237],[-90.8071,-72.6106],[-91.1607,-73.1822]]]]},"properties":{"ADMIN":"Antarctica","ISO_A2":"AQ","ADM0_A3":"ATA"}},{"type":"Feature","geometry":{"type":"Polygon","coordinates":[[[-63.123,18.0689],[-63.0112,18.0689],[-63.023,18.0192],[-63.123,18.0689]]]},"properties":{"ADMIN":"Sint Maarten","ISO_A2":"SX","ADM0_A3":"SXM"}},{"type":"Feature","geometry":{"type":"Polygon","coordinates":[[[179.2137,-8.5242],[179.2009,-8.5121],[179.1979,-8.4887],[179.2116,-8.4881],[179.2137,-8.5242]]]},"properties":{"ADMIN":"Tuvalu","ISO_A2":"TV","ADM0_A3":"TUV"}}]}